Phone Name,Model,Color,Storage,Price
Samsung,Galaxy A15 5G , Light Blue,128GB ,17999
Samsung,Galaxy A15 5G , Blue,128GB ,17999
Samsung,Galaxy A15 5G , Blue Black,128GB ,17999
Oneplus,12R 5G , Iron Gray,128GB ,39999
Oneplus,12R 5G , Cool Blue,128GB ,39999
Vivo,Y200 5G , Jungle Green,256GB ,23999
Vivo,Y200 5G , Desert Gold,256GB ,23999
OnePlus,12 5G , Silky Black,512GB ,69999
OnePlus,12 5G , Flowy Emerald,256GB ,64999
OnePlus,12 5G , Silky Black,256GB ,64999
Realme,12 Pro 5G , Navigator Beige,256GB ,26999
Realme,12 Pro 5G , Submarine Blue,256GB ,26999
Realme,12 Pro Plus 5G , Submarine Blue,256GB ,33999
Realme,12 Pro Plus 5G , Navigator Beige,256GB ,33999
Realme,12 Pro Plus 5G , Submarine Blue,128GB ,29999
Oppo,Reno 11 5G , Wave Green,256GB ,31999
Oppo,Reno 11 5G , Rock Grey,256GB ,31999
Samsung,Galaxy S24 Plus 5G , Cobalt Violet,512GB ,109999
Samsung,Galaxy S24 5G , Onyx Black,512GB ,89999
Samsung,Galaxy S24 5G , Cobalt Violet,512GB ,89999
Samsung,Galaxy S24 5G , Cobalt Violet,256GB ,79999
Samsung,Galaxy S24 5G , Amber Yellow,256GB ,79999
Samsung,Galaxy S24 5G , Amber Yellow,512GB ,89999
Samsung,Galaxy S24 5G , Onyx Black,256GB ,79999
Samsung,Galaxy S24 Plus 5G , Onyx Black,256GB ,99999
Samsung,Galaxy S24 Plus 5G , Onyx Black,512GB ,109999
Samsung,Galaxy S24 Ultra 5G , Titanium Violet,512GB ,139999
Samsung,Galaxy S24 Ultra 5G , Titanium Gray,512GB ,139999
Samsung,Galaxy S24 Ultra 5G , Titanium Violet,256GB ,129999
Samsung,Galaxy S24 Ultra 5G , Titanium Gray,256GB ,129999
Samsung,Galaxy S24 Ultra 5G , Titanium Black,256GB ,129999
Samsung,Galaxy S24 Ultra 5G , Titanium Black,512GB ,139999
Samsung,Galaxy S24 Ultra 5G , Titanium Gray,1TB ,159999
Oppo,Reno 11 5G , Wave Green,128GB ,29999
Oppo,Reno 11 5G , Rock Grey,128GB ,29999
Oppo,Reno 11 Pro 5G , Rock Grey,256GB ,39999
Oppo,Reno 11 Pro 5G , Pearl White,256GB ,39999
Samsung,Galaxy A14 5G , Light Green,128GB ,14499
Samsung,Galaxy A14 5G , Black,128GB ,14499
Samsung,Galaxy A14 5G , Dark Red,128GB ,14499
Samsung,Galaxy A15 5G , Light Blue,128GB ,17999
Samsung,Galaxy A15 5G , Blue,128GB ,17999
Samsung,Galaxy A15 5G , Blue Black,128GB ,17999
Oneplus,12R 5G , Iron Gray,128GB ,39999
Oneplus,12R 5G , Cool Blue,128GB ,39999
Vivo,Y200 5G , Jungle Green,256GB ,23999
Vivo,Y200 5G , Desert Gold,256GB ,23999
OnePlus,12 5G , Silky Black,512GB ,69999
OnePlus,12 5G , Flowy Emerald,256GB ,64999
OnePlus,12 5G , Silky Black,256GB ,64999
Realme,12 Pro 5G , Navigator Beige,256GB ,26999
Realme,12 Pro 5G , Submarine Blue,256GB ,26999
Realme,12 Pro Plus 5G , Submarine Blue,256GB ,33999
Realme,12 Pro Plus 5G , Navigator Beige,256GB ,33999
Realme,12 Pro Plus 5G , Submarine Blue,128GB ,29999
Oppo,Reno 11 5G , Wave Green,256GB ,31999
Oppo,Reno 11 5G , Rock Grey,256GB ,31999
Samsung,Galaxy S24 Plus 5G , Cobalt Violet,512GB ,109999
Samsung,Galaxy S24 5G , Onyx Black,512GB ,89999
Samsung,Galaxy S24 5G , Cobalt Violet,512GB ,89999
Samsung,Galaxy S24 5G , Cobalt Violet,256GB ,79999
Samsung,Galaxy S24 5G , Amber Yellow,256GB ,79999
Samsung,Galaxy S24 5G , Amber Yellow,512GB ,89999
Samsung,Galaxy S24 5G , Onyx Black,256GB ,79999
Samsung,Galaxy S24 Plus 5G , Onyx Black,256GB ,99999
Samsung,Galaxy S24 Plus 5G , Onyx Black,512GB ,109999
Samsung,Galaxy S24 Ultra 5G , Titanium Violet,512GB ,139999
Samsung,Galaxy S24 Ultra 5G , Titanium Gray,512GB ,139999
Samsung,Galaxy S24 Ultra 5G , Titanium Violet,256GB ,129999
Samsung,Galaxy S24 Ultra 5G , Titanium Gray,256GB ,129999
Samsung,Galaxy S24 Ultra 5G , Titanium Black,256GB ,129999
Samsung,Galaxy S24 Ultra 5G , Titanium Black,512GB ,139999
Samsung,Galaxy S24 Ultra 5G , Titanium Gray,1TB ,159999
Oppo,Reno 11 5G , Wave Green,128GB ,29999
Oppo,Reno 11 5G , Rock Grey,128GB ,29999
Oppo,Reno 11 Pro 5G , Rock Grey,256GB ,39999
Oppo,Reno 11 Pro 5G , Pearl White,256GB ,39999
Samsung,Galaxy A14 5G , Light Green,128GB ,14499
Samsung,Galaxy A14 5G , Black,128GB ,14499
Samsung,Galaxy A14 5G , Dark Red,128GB ,14499
Vivo,Y28 5G , Crystal Purple,128GB ,13999
Vivo,Y28 5G , Glitter Aqua,128GB ,13999
Vivo,Y28 5G , Glitter Aqua,128GB ,16999
Vivo,Y28 5G , Crystal Purple,128GB ,16999
Vivo,Y28 5G , Glitter Aqua,128GB ,15499
Vivo,Y28 5G , Crystal Purple,128GB ,15499
Itel,A05s , Nebula Black,64GB ,6199
Itel,A05s , Meadow Green,64GB ,6199
Vivo,X100 Pro 5G , Asteriod Black,512GB ,89999
Vivo,X100 5G , Asteriod Black,512GB ,69999
Vivo,X100 5G , Asteriod Black,256GB ,63999
Vivo,X100 5G , Stargaze Blue,256GB ,63999
Vivo,X100 5G , Stargaze Blue,512GB ,69999
Tecno,Camon 20s Pro 5G , Serenity Blue,256GB ,21999
Redmi,Note 13 Pro Plus 5G , Fusion Black,256GB ,31999
Redmi,Note 13 Pro Plus 5G , Fusion Black,256GB ,33999
Redmi,Note 13 Pro Plus 5G ,Fusion White,512GB ,35999
Redmi,Note 13 Pro Plus 5G , Fusion Purple,256GB ,31999
Redmi,Note 13 Pro Plus 5G , Fusion Purple,256GB ,33999
Redmi,Note 13 Pro Plus 5G , Fusion Black,512GB ,35999
Redmi,Note 13 Pro Plus 5G , Fusion White,256GB ,33999
Redmi,Note 13 Pro Plus 5G , Fusion White,256GB ,31999
Redmi,Note 13 Pro Plus 5G , Fusion Purple,512GB ,35999
Redmi,Note 13 Pro 5G ,Midnight Black,256GB,29999
Redmi,Note 13 Pro 5G , Coral Purple,128GB ,25999
Redmi,Note 13 Pro 5G , Coral Purple,256GB ,27999
Redmi,Note 13 Pro 5G , Midnight Black,256GB ,27999
Redmi,Note 13 Pro 5G , Coral Purple,256GB ,29999
Redmi,Note 13 Pro 5G , Arctic White,128GB ,25999
Redmi,Note 13 Pro 5G , Arctic White,256GB ,29999
Redmi,Note 13 Pro 5G , Arctic White,256GB ,27999
Redmi,Note 13 Pro 5G , Midnight Black,128GB ,25999
Redmi,Note 13 5G , Arctic White,256GB ,19999
Redmi,Note 13 5G , Arctic White,256GB ,21999
Redmi,Note 13 5G , Prism Gold,128GB ,17999
Redmi,Note 13 5G , Prism Gold,256GB ,19999
Redmi,Note 13 5G , Arctic White,128GB ,17999
Redmi,Note 13 5G , Stealth Black,256GB ,21999
Redmi,Note 13 5G , Stealth Black,128GB ,17999
Redmi,Note 13 5G , Stealth Black,256GB ,19999
Redmi,Note 13 5G , Prism Gold,256GB ,21999
Vivo,V29e 5G , Artistic Red,256GB ,28999
Vivo,V29e 5G , Artistic Red,128GB ,26999
Vivo,V29e 5G , Artistic Blue,256GB ,28999
Vivo,V29e 5G , Artistic Blue,128GB ,26999
Samsung,Galaxy A25 5G , Yellow,128GB ,26999
Samsung,Galaxy A25 5G , Yellow,256GB ,29999
Samsung,Galaxy A25 5G , Blue,256GB ,29999
Samsung,Galaxy A25 5G , Blue Black,128GB ,26999
Samsung,Galaxy A25 5G , Blue Black,256GB ,29999
Samsung,Galaxy A25 5G , Blue,128GB ,26999
Samsung,Galaxy A15 5G , Light Blue,128GB ,19499
Samsung,Galaxy A15 5G , Light Blue,256GB ,22499
Samsung,Galaxy A15 5G , Blue Black,256GB ,22499
Samsung,Galaxy A15 5G , Blue,128GB ,19499
Samsung,Galaxy A15 5G , Blue Black,128GB ,19499
Samsung,Galaxy A15 5G , Blue,256GB ,22499
Vivo,Y17s , Forest Green,128GB ,11499
Vivo,Y17s , Glitter Purple,64GB ,10499
Vivo,Y17s , Glitter Purple,128GB ,11499
Vivo,Y17s , Forest Green,64GB ,10499
Vivo,T2 Pro 5G , Dune Gold,128GB ,23999
Vivo,T2 Pro 5G , Dune Gold,256GB ,24999
Vivo,T2 Pro 5G , New Moon Black,256GB ,24999
Vivo,T2 Pro 5G , New Moon Black,128GB ,23999
Samsung,Galaxy A05 , Black,64GB ,9999
Samsung,Galaxy A05 , Silver,128GB ,12499
Samsung,Galaxy A05 , Black,128GB ,12499
Samsung,Galaxy A05 , Light Green,64GB ,9999
Samsung,Galaxy A05 , Light Green,128GB ,12499
Samsung,Galaxy A05 , Silver,64GB ,9999
Oppo,A59 5G , Starry Black,128GB ,13999
Oppo,A59 5G , Silk Gold,128GB ,13999
Tecno,Camon 20s Pro 5G , Serenity Blue,128GB ,19999
Tecno,Camon 20s Pro 5G , Dark Welkin,128GB ,19999
Oppo,A59 5G , Starry Black,128GB ,15499
Oppo,A59 5G , Silk Gold,128GB ,15499
Redmi,13C 5G , Startrail Silver,128GB ,12499
Redmi,13C 5G , Startrail Silver,256GB ,14499
Redmi,13C 5G , Startrail Green,128GB ,12499
Redmi,13C 5G , Starlight Black,256GB ,14499
Redmi,13C 5G , Starlight Black,128GB ,12499
Redmi,13C 5G , Startrail Green,256GB ,14499
Realme,C67 5G , Sunny Oasis,128GB ,14499
Realme,C67 5G , Sunny Oasis,128GB ,12999
Realme,C67 5G , Dark Purple,128GB ,12999
Realme,C67 5G , Dark Purple,128GB ,14499
Tecno,Spark GO 2024 , Magic Skin Green,64GB ,6799
Tecno,Spark GO 2024 , Mystery White,64GB ,6799
Tecno,Spark GO 2024 , Gravity Black,64GB ,6799
Samsung,Galaxy A05s , Black,128GB ,11499
Samsung,Galaxy A05s , Light Violet,128GB ,11499
Samsung,Galaxy A05s , Light Green,128GB ,11499
Vivo,Y27 , Sea Blue,128GB ,11999
Oppo,A79 5G ,Mystery Black,128GB,18999
Oppo,A79 5G , Glowing Green,128GB ,18999
Samsung,Galaxy A05s , Light Violet,128GB ,12999
Samsung,Galaxy A05s , Light Green,128GB ,12999
Samsung,Galaxy A05s , Black,128GB ,12999
Vivo,Y200 5G , Jungle Green,128GB ,21999
Vivo,Y200 5G , Desert Gold,128GB ,21999
Oppo,A18 , Glowing Black,128GB ,10499
Oppo,A18 , Glowing Blue,128GB ,10499
Realme,C51 , Carbon Black,128GB ,8999
Realme,C51 , Mint Green,128GB ,8999
Oppo,Find N3 Flip 5G , Cream Gold,256GB ,90998
Oppo,Find N3 Flip 5G , Sleek Black,256GB ,90998
Nokia,C32 , Charcoal,128GB ,8999
Nokia,C32 , Beach Pink,128GB ,8999
Nokia,C32 , Breezy Mint,128GB ,8999
Nokia,G42 5G , So Grey,256GB ,16999
Nokia,G42 5G , So Pink,256GB ,16999
Nokia,G42 5G , So Purple,256GB ,16999
Itel,P40 , Luxurious Gold,128GB ,7499
Itel,P40 , Force Black,128GB ,7499
Samsung,Galaxy S23 FE 5G , Mint,128GB ,54999
Samsung,Galaxy S23 FE 5G , Graphite,256GB ,59999
Samsung,Galaxy S23 FE 5G , Mint,256GB ,59999
Samsung,Galaxy S23 FE 5G , Purple,128GB ,54999
Samsung,Galaxy S23 FE 5G , Graphite,128GB ,54999
Oppo,A18 , Glowing Black,64GB ,9999
Tecno,Phantom V Flip 5G , Iconic Black,256GB ,54999
Tecno,Phantom V Flip 5G , Mystic Dawn,256GB ,54999
Itel,S23 , Mystery White,128GB ,7999
Itel,S23 , Starry Black,128GB ,7999
Oppo,A18 , Glowing Blue,64GB ,9999
Vivo,V29 Pro 5G , Himalayan Blue,256GB ,39999
Vivo,V29 Pro 5G , Himalayan Blue,256GB ,42999
Vivo,V29 Pro 5G , Space Black,256GB ,42999
Vivo,V29 Pro 5G , Space Black,256GB ,39999
Vivo,Y56 5G , Black Engine,128GB ,15999
Vivo,Y56 5G , Orange Shimmer,128GB ,15999
Vivo,V29 5G , Himalayan Blue,256GB ,36999
Vivo,V29 5G , Himalayan Blue,128GB ,32999
Vivo,V29 5G , Majestic Red,256GB ,36999
Vivo,V29 5G , Majestic Red,128GB ,32999
Vivo,V29 5G , Space Black,128GB ,32999
Vivo,V29 5G , Space Black,256GB ,36999
Samsung,Galaxy A54 5G , Awesome White,256GB ,37499
Oppo,A38 , Glowing Black,128GB ,10999
Oppo,A38 , Glowing Gold,128GB ,10999
Redmi,A2 , Sea Green,64GB ,6799
Redmi,A2 , Aqua Blue,64GB ,6799
Redmi,A2 , Classic Black,64GB ,6799
Realme,C51 , Mint Green,64GB ,8999
Samsung,Galaxy S21 FE 5G SD , Graphite,256GB ,41999
Samsung,Galaxy S21 FE 5G SD , Lavender,256GB ,41999
Samsung,Galaxy S21 FE 5G SD , Olive,256GB ,41999
Samsung,Galaxy S21 FE 5G SD , Navy,256GB ,41999
Redmi,A2 Plus , Aqua Blue,128GB ,7799
Redmi,A2 Plus , Classic Black,128GB ,7799
Realme,11 5G , Glory Black.8GB-256GB ,0,19999
Realme,11 5G , Glory Gold,256GB ,19999
Nokia,C12 Pro , Purple,64GB ,7299
Tecno,Camon 20 Pro 5G , Serenity Blue,256GB ,21999
Oppo,A58 , Glowing Black,128GB ,12999
Oppo,A58 , Dazzling Green,128GB ,12999
Tecno,Spark Go 2023 , Nebula Purple,32GB ,6499
Redmi,12 5G , Pastel Blue,256GB ,14999
Redmi,12 5G , Moonstone Silver,256GB ,14999
Redmi,12 5G , Jade Black,256GB ,14999
Redmi,12 5G , Pastel Blue,128GB ,12999
Redmi,12 5G , Moonstone Silver,128GB ,12999
Redmi,12 5G , Jade Black,128GB ,12999
Redmi,12, Pastel Blue,128GB ,10999
Redmi,12, Jade Black,128GB ,10999
Redmi,12, Moonstone Silver,128GB ,10999
Redmi,Note 12 5G , Sunrise Gold,128GB ,16999
Oppo,A78 4G , Aqua Green,128GB ,15499
Oppo,A78 4G , Mist Black,128GB ,15499
Samsung,Galaxy Z Fold 5 5G , Icy Blue,256GB ,154999
Samsung,Galaxy Z Fold 5 5G , Phantom Black,256GB ,154999
Samsung,Galaxy Z Fold 5 5G , Cream,256GB ,154999
Samsung,Galaxy Z Flip 5 5G , Graphite,512GB ,109999
Samsung,Galaxy Z Flip 5 5G , Cream,512GB ,109999
Samsung,Galaxy Z Flip 5 5G , Mint,512GB ,109999
Samsung,Galaxy Z Flip 5 5G , Lavender,256GB ,99999
Samsung,Galaxy Z Flip 5 5G , Graphite,256GB ,99999
Samsung,Galaxy Z Flip 5 5G , Cream,256GB ,99999
Samsung,Galaxy Z Flip 5 5G , Mint,256GB ,99999
Vivo,Y27 , Burgundy Black,128GB ,11999
Vivo,Y27 , Garden Green,128GB ,11999
Oppo,Reno 10 5G ,Silvery Grey,256GB,32999
Oppo,Reno 10 5G ,Ice Blue,256GB,32999
OnePlus,Nord 3 5G ,Tempest Grey,128GB,33999
Oppo,Reno 10 Pro 5G , Silvery Grey,256GB ,37999
Oppo,Reno 10 Pro 5G , Glossy Purple,256GB ,37999
Oppo,Reno 10 Pro Plus 5G , Silvery Grey,256GB ,54999
Oppo,Reno 10 Pro Plus 5G , Glossy Purple,256GB ,54999
Tecno,Spark 9T , Atlantic Blue,64GB ,7999
Realme,C53 , Champion Black,128GB ,8999
Realme,C53 , Champion Gold,128GB ,8999
Tecno,Camon 20 Pro 5G , Serenity Blue,128GB ,19999
Nokia,C32 , Breezy Mint,128GB ,7999
Vivo,Y02t , Cosmic Gray,64GB ,8499
Realme,11 Pro 5G , Astral Black,256GB ,27999
Realme,11 Pro 5G , Sunrise Beige,256GB ,24999
Tecno,Spark Go 2023 , Orange,64GB ,6999
Realme,11 Pro Plus 5G , Sunrise Beige,256GB ,29999
Nokia,C22 , Charcoal,64GB ,8799
Vivo,Y36 , Vibrant Gold,128GB ,14999
Tecno,Camon 20 , Predawn Black,256GB ,12999
Realme,11 Pro 5G, Oasis Green,128GB,23999
Vivo,Y100A 5G , Pacific Blue,128GB ,20999
Realme,C55 , Rainforest,64GB ,9999
Nokia,C22 , Sand,64GB ,8799
Oppo,F23 5G , Cool Black,256GB ,22999
Vivo,Y22 , Starlit Blue,128GB ,12499
Redmi,Note 12 5G , Matte Black,256GB ,18999
Samsung,Galaxy A34 5G , Awesome Violet,256GB ,26499
Redmi,A2 Plus , Sea Green,64GB ,7499
Vivo,Y02t , Sunset Gold,64GB ,8499
Nokia,C12 Pro , Charcoal,64GB ,7999
Vivo,Y22 , Metaverse Green,128GB ,12499
Redmi,A2 , Aqua Blue,64GB ,5999
Realme,11 Pro 5G , Sunrise Beige,256GB ,27999
Vivo,Y36 , Meteor Black,128GB ,14999
Redmi,Note 12 5G , Frosted Green,256GB ,18999
Nokia,C12 Pro , Light Mint,64GB ,7999
Nokia,C22 , Purple,64GB ,8799
Tecno,Spark 10 , Meta Blue,128GB ,9999
Samsung,Galaxy A14 , Light Green,64GB ,11999
Nokia,C12 Pro , Dark Cyan,64GB ,7999
Oppo,F23 5G , Bold Gold,256GB ,22999
Redmi,12C , Matte Black,128GB ,7799
Nokia,C32 , Charcoal,64GB ,7499
Realme,C55 , Rianforest,128GB ,13999
Tecno,Spark 10 , Meta Black,128GB ,9999
Vivo,Y100A 5G , Twilight Gold,128GB ,20999
Vivo,T2x 5G , Marine Blue,128GB ,12999
Redmi,A2 Plus , Classic Black,64GB ,7499
Vivo,T2x 5G , Glimmer Black,128GB ,14999
Tecno,Camon 20 , Serenity Blue,256GB ,12999
Tecno,Camon 20 , Art Edition,256GB ,12999
Vivo,T2x 5G , Aurora Gold,128GB ,12999
Tecno,Camon 20 Pro 5G , Dark Welkin,128GB,19999
Tecno,Camon 20 , Glacier Glow,256GB ,12999
Nokia,C32 , Charcoal,128GB ,7999
Tecno,Spark 10 , Magic Skin Orange,128GB ,9999
Samsung,Galaxy A14 , Black,64GB ,11999
Tecno,Spark Go 2023 , Uyuni Blue,32GB ,6499
Samsung,Galaxy A14 , Silver,64GB ,11999
Nokia,C32 , Beach Pink,128GB ,7999
Tecno,Spark Go 2023 , Nebula Purple,64GB ,6999
Vivo,X90 5G , Breeze Blue,256GB ,59999
Vivo,X90 Pro 5G , Legendary Black,256GB ,69999
Vivo,X90 5G , Breeze Blue,256GB ,55999
Vivo,X90 5G , Asteriod Black,256GB ,55999
Samsung,Galaxy A34 5G ,Awesome Lime,256GB,26499
Vivo,X90 5G, Asteriod Black,256GB ,59999
Itel,P40 , Luxurious Gold,64GB ,6799
Tecno,Spark 10 5G , Meta Blue,128GB ,13999
Redmi,Note 12 , Lunar Black,128GB ,13999
Redmi,Note 12 , Sunrise Gold,64GB ,10999
Vivo,V27 5G ,Noble Black,128GB,29999
Realme,C55 , Rainy Night,128GB ,13999
Vivo,Y56 5G , Black Engine,128GB ,17999
Nokia,C12 Pro , Charcoal,64GB ,7299
Nokia,C12 Pro , Dark Cyan,64GB ,7299
Redmi,Note 12 , Ice Blue,64GB ,10999
Redmi,Note 12 , Lunar Black,64GB ,10999
Samsung,Galaxy S23 Ultra 5G , Green,256GB ,109999
Redmi,Note 12 , Ice Blue,128GB ,13999
Vivo,V27 Pro 5G , Magic Blue,256GB ,38999
Nokia,C12 Pro , Light Mint,64GB ,7299
Vivo,V27 Pro 5G , Magic Blue,256GB ,36999
Samsung,Galaxy S23 5G , Cream,128GB ,64999
Samsung,Galaxy S23 Ultra 5G , Cream,512GB ,119999
Samsung,Galaxy S23 5G , Phantom Black,128GB ,64999
Realme,C55 , Sunshower,128GB ,13999
Tecno,Spark 10 5G , Meta Black,128GB ,13999
Samsung,Galaxy A54 5G , Awesome Violet,256GB ,37499
Vivo,V27 Pro 5G , Magic Blue,128GB ,34999
Samsung,Galaxy S23 5G , Lavender,128GB ,64999
OnePlus,11 5G , Eternal Green,128GB ,56999
Vivo,V27 Pro 5G , Noble Black,128GB ,34999
Realme,C55 , Rainy Night,64GB ,9999
Samsung,Galaxy S23 Ultra 5G , Cream,256GB ,109999
Tecno,Spark Go 2023 , Uyuni Blue,64GB ,6999
Realme,C55 , Sunshower,64GB ,9999
Itel,P40 , Dreamy Blue,64GB ,6799
Itel,P40 , Force Black,64GB ,6799
Vivo,V27 Pro 5G , Noble Black,256GB ,36999
Samsung,Galaxy S23 Ultra 5G , Green,512GB ,119999
Samsung,Galaxy A34 5G , Awesome Graphite,256GB ,26499
Tecno,Spark 10 5G , Meta White,128GB ,13999
Redmi,11 Prime , Flashy Black,64GB ,9499
OnePlus,11 5G , Titan Black,128GB ,56999
Samsung,Galaxy S23 Ultra 5G , Phantom Black,512GB ,119999
Samsung,Galaxy A54 5G , Awesome Graphite,256GB ,37499
Samsung,Galaxy A34 5G , Awesome Violet,128GB ,24499
Samsung,Galaxy A34 5G , Awesome Lime,128GB ,24499
Samsung,Galaxy A34 5G , Awesome Silver,128GB ,24499
Vivo,Y56 5G , Orange Shimmer,128GB ,17999
Samsung,Galaxy S23 Ultra 5G , Phantom Black,256GB ,109999
Samsung,Galaxy S23 5G , Green,128GB ,64999
Tecno,Spark Go 2023 , Endless Black,64GB ,6999
Vivo,V27 5G ,Magic Blue,128GB,29999
Samsung,Galaxy A34 5G , Awesome Graphite,128GB ,24499
Samsung,Galaxy A54 5G , Awesome Lime,256GB ,37499
Redmi,Note 12 Pro 5G , Onyx Black,256GB ,23999
Vivo,V25 5G , Elegant Black,128GB ,25999
Samsung,Galaxy A14 5G , Black,128GB ,17999
Redmi,Note 12 Pro Plus 5G , Arctic White,256GB ,27999
Samsung,Galaxy S23 5G , Black,256GB ,69999
OnePlus,10 Pro 5G , Volcanic Black,128GB ,66999
Oppo,F21s Pro , Dawnlight Gold,128GB ,19999
Vivo,V25 Pro , Sailing Blue,256GB ,36999
Oppo,A77 , SunStone Orange,128GB ,14499
Redmi,Note 12 Pro 5G , Stardust Purple,128GB ,22999
Samsung,Galaxy A14 5G , Light Green,128GB ,15999
Samsung,Galaxy S23 5G , Green,256GB ,69999
Samsung,Galaxy A14 5G , Light Green,64GB ,13499
Oppo,A17K , Blue,64GB ,7999
Samsung,Galaxy A14 5G , Dark Red,128GB ,17999
Samsung,Galaxy S23 5G , Lavender,256GB ,69999
Samsung,Galaxy A14 5G , Dark Red,128GB ,15999
Samsung,Galaxy A14 5G , Black,128GB ,15999
Samsung,Galaxy A04e , Copper,128GB ,10499
Vivo,V25 Pro , Sailing Blue,128GB ,33500
Samsung,Galaxy A14 5G , Black,64GB ,13499
Redmi,Note 12 5G , Matte Black,128GB ,16999
Samsung,Galaxy A04e , Light Blue,128GB ,10499
Vivo,Y16 , Drizzling Gold,64GB ,9999
Samsung,Galaxy A14 5G , Light Green,128GB ,17999
OnePlus,Nord 2T 5G , Jade Fog,128GB ,28999
Samsung,Galaxy A04e , Copper,64GB ,8999
Oppo,A78 5G , Glowing Blue,128GB ,17999
Samsung,Galaxy A23 5G , Orange,128GB ,20999
Samsung,Galaxy A23 5G , Light Blue,128GB ,20999
Samsung,Galaxy A23 5G , Silver,128GB ,20999
Nokia,G21 , Nordic Blue,128GB ,12999
Tecno,Phantom X2 Pro 5G , Mars Orange,256GB ,44999
Nokia,G21 , Dusk,128GB ,12999
Tecno,Phantom X2 5G , Moonlight Silver,256GB ,36999
Tecno,Phantom X2 Pro 5G , Stardust Grey,256GB ,44999
Tecno,Phantom X2 5G , Stardust Grey,256GB ,36999
Samsung,Galaxy A14 5G , Dark Red,64GB ,13499
Samsung,Galaxy A23 5G , Silver,128GB ,22999
Oppo,A78 5G , Glowing Black,128GB ,17999
Samsung,Galaxy A23 5G , Light Blue,128GB ,22999
Nokia,G11 Plus , Charcoal Grey,64GB ,7999
Xiaomi,11 Lite NE 5G , Jazz Blue,128GB ,28999
Realme,10 4G , Clash White,128GB ,15999
Redmi,Note 12 Pro Plus 5G , Obsidian Black,256GB ,27999
Realme,9i 5G , Rocking Black,64GB ,13999
Realme,C30s , Stripe Black,64GB ,8499
Realme,9i 5G , Metallica Golden,64GB ,13999
Realme,C30s , Stripe Blue,64GB ,8499
Oppo,A77s , Starry Black,128GB ,14999
Samsung,Galaxy A04e , Light Blue,64GB ,8999
Oppo,A57 , Glowing Green,64GB ,9999
Vivo,Y16 , Stellar Black,64GB ,9999
Vivo,V25 Pro , Pure Black,128GB ,33500
Nokia,G21 , Nordic Blue,64GB ,12999
Oneplus,10R 5G , Forest Green,128GB ,34999
OnePlus,10 Pro 5G , Emerald Forest,128GB ,66999
Oppo,F21s Pro , Starlight Black,128GB ,19999
Realme,C30s , Stripe Blue,32GB ,6999
Realme,9i 5G , Metallica Golden,128GB ,15999
OnePlus,Nord 2T 5G , Gray Shadow,128GB ,28999
SAMSUNG,Galaxy M14 5G ,Smoky Teal, 128 GB,11000
Motorola,G34 5G ,Ocean Green, 128 GB,11999
Motorola,G34 5G ,Ice Blue, 128 GB,11999
POCO,C55 ,Cool Blue, 128 GB,6499
POCO,C55 ,Power Black, 128 GB,6499
POCO,C55 ,Forest Green, 128 GB,6499
Motorola,g54 5G ,Midnight Blue, 128 GB,13999
Motorola,G34 5G ,Ocean Green, 128 GB,10999
OnePlus,Nord CE 3 Lite 5G ,Chromatic Gray, 256 GB,19558
realme,C53 ,Champion Black, 64 GB,8999
OnePlus,Nord CE 3 Lite 5G ,Pastel Lime, 256 GB,19608
OnePlus,Nord CE 3 Lite 5G ,Chromatic Gray, 128 GB,17925
OnePlus,Nord CE 3 Lite 5G ,Pastel Lime, 128 GB,18058
realme,C53 ,Champion Gold, 64 GB,8999
OnePlus,Nord CE 3 Lite 5G ,Chromatic Gray, 128 GB,18315
Motorola,g54 5G ,Pearl Blue, 128 GB,13999
vivo,T2x 5G ,Aurora Gold, 128 GB,14999
Motorola,g54 5G ,Midnight Blue, 256 GB,15999
Motorola,Edge 40 Neo ,Caneel Bay, 128 GB,22999
POCO,C51 ,Royal Blue, 64 GB,5499
vivo,T2x 5G ,Glimmer Black, 128 GB,12999
vivo,T2x 5G ,Marine Blue, 128 GB,12999
vivo,T2x 5G ,Aurora Gold, 128 GB,12999
realme,11x 5G ,Midnight Black, 128 GB,14999
vivo,T2x 5G ,Marine Blue, 128 GB,14999
Motorola,G34 5G ,Ocean Green, 128 GB,11999
Motorola,G34 5G ,Ice Blue, 128 GB,11999
POCO,C55 ,Cool Blue, 128 GB,6499
POCO,C55 ,Power Black, 128 GB,6499
POCO,C55 ,Forest Green, 128 GB,6499
Motorola,g54 5G ,Midnight Blue, 128 GB,13999
Motorola,G34 5G ,Ocean Green, 128 GB,10999
OnePlus,Nord CE 3 Lite 5G ,Chromatic Gray, 256 GB,19558
OnePlus,Nord CE 3 Lite 5G ,Pastel Lime, 256 GB,19608
realme,C53 ,Champion Black, 64 GB,8999
OnePlus,Nord CE 3 Lite 5G ,Chromatic Gray, 128 GB,18315
OnePlus,Nord CE 3 Lite 5G ,Chromatic Gray, 128 GB,17923
realme,C53 ,Champion Gold, 64 GB,8999
Motorola,g54 5G ,Pearl Blue, 128 GB,13999
vivo,T2x 5G ,Aurora Gold, 128 GB,14999
Motorola,g54 5G ,Midnight Blue, 256 GB,15999
Motorola,Edge 40 Neo ,Caneel Bay, 128 GB,22999
POCO,C51 ,Royal Blue, 64 GB,5499
vivo,T2x 5G ,Glimmer Black, 128 GB,12999
vivo,T2x 5G ,Marine Blue, 128 GB,12999
vivo,T2x 5G ,Aurora Gold, 128 GB,12999
vivo,T2x 5G ,Marine Blue, 128 GB,14999
vivo,T2x 5G ,Glimmer Black, 128 GB,14999
vivo,T2x 5G ,Marine Blue, 128 GB,11999
SAMSUNG,Galaxy F14 5G ,GOAT Green, 128 GB,13490
Infinix,SMART 8 ,Timber Black, 128 GB,8999
SAMSUNG,Galaxy F14 5G ,OMG Black, 128 GB,13490
REDMI,A2 ,Aqua Blue, 64 GB,5499
Motorola,G34 5G ,Ocean Green, 128 GB,10999
Motorola,g54 5G ,Midnight Blue, 128 GB,13999
POCO,C55 ,Forest Green, 128 GB,6499
vivo,T2 5G ,Nitro Blaze, 128 GB,17999
Apple,iPhone 15 ,Blue, 128 GB,70999
POCO,C65 ,Pastel Blue, 128 GB,7499
realme,12 Pro+ 5G ,Navigator Beige, 256 GB,33999
Infinix,SMART 8 ,Shiny Gold, 128 GB,8999
Motorola,g54 5G ,Mint Green, 128 GB,13999
SAMSUNG,Galaxy F14 5G ,GOAT Green, 128 GB,11990
Infinix,SMART 8 ,Galaxy White, 128 GB,8999
SAMSUNG,Galaxy F04 ,Jade Purple, 64 GB,7999
Apple,iPhone 14 ,Blue, 128 GB,56999
Motorola,g54 5G ,Pearl Blue, 128 GB,13999
OnePlus,Nord CE 3 Lite 5G ,Pastel lime, 256 GB,19532
Motorola,g54 5G ,Midnight Blue, 256 GB,15999
vivo,T2 5G ,Nitro Blaze, 128 GB,15999
Infinix,HOT 30i ,Mirror Black, 64 GB,8399
vivo,T2x 5G ,Sunstone Orange, 128 GB,12999
Infinix,HOT 30i ,Marigold, 64 GB,8399
SAMSUNG,Galaxy F14 5G ,B.A.E. Purple, 128 GB,11990
REDMI,12,Pastel Blue, 128 GB,10499
OnePlus,Nord CE 3 Lite 5G ,Chromatic Gray, 128 GB,18315
Infinix,HOT 30i ,Mirror Black, 128 GB,8299
POCO,M6 5G ,Orion Blue, 128 GB,10499
vivo,T2x 5G ,Black Gladiator, 128 GB,12999
Infinix,HOT 30i ,Diamond White, 128 GB,8299
Infinix,HOT 30i ,Diamond White, 64 GB,8399
Motorola,Edge 40 Neo ,Caneel Bay, 128 GB,22999
POCO,X6 Pro 5G ,Spectre Black, 512 GB,28999
Apple,iPhone 13 ,Starlight, 128 GB,52999
Infinix,SMART 7 ,Emerald Green, 64 GB,6999
POCO,M6 5G ,Orion Blue, 128 GB,9999
SAMSUNG,Guru Music 2,0,0,1199
REDMI,13C ,Starshine Green, 128 GB,7999
POCO,C55 ,Cool Blue, 64 GB,5999
POCO,M6 Pro 5G ,Forest Green, 128 GB,10999
MOTOROLA,g24 Power ,Ink blue, 128 GB,8999
SAMSUNG,Galaxy F14 5G ,B.A.E. Purple, 128 GB,13490
realme,12 Pro+ 5G ,Submarine Blue, 256 GB,33999
realme,12 Pro+ 5G ,Explorer Red, 256 GB,33999
realme,12 Pro 5G ,Navigator Beige, 128 GB,25999
POCO,M6 Pro 5G ,Power Black, 128 GB,10999
POCO,C65 ,Pastel Green, 128 GB,7499
REDMI,13C ,Starfrost White, 128 GB,7999
REDMI,12 5G ,Pastel Blue, 128 GB,12999
OnePlus,Nord CE 3 Lite 5G ,Pastel lime, 256 GB,19532
POCO,C65 ,Pastel Blue, 128 GB,7499
Motorola,g54 5G ,Pearl Blue, 256 GB,15999
POCO,M6 5G ,Orion Blue, 256 GB,11999
POCO,M6 Pro 5G ,Power Black, 256 GB,12999
realme,12 Pro 5G ,Submarine Blue, 256 GB,26999
POCO,M6 5G ,Galactic Black, 128 GB,9999
REDMI,13C ,Stardust Black, 128 GB,7999
SAMSUNG,Galaxy F14 5G ,GOAT Green, 128 GB,13490
realme,12 Pro+ 5G ,Navigator Beige, 256 GB,31999
realme,12 Pro+ 5G ,Explorer Red, 256 GB,31999
realme,C53 ,Champion Gold, 128 GB,9499
POCO,M6 Pro 5G ,Forest Green, 256 GB,12999
SAMSUNG,Galaxy F14 5G ,GOAT Green, 128 GB,11990
Motorola,G34 5G ,Charcoal Black, 128 GB,10999
Infinix,SMART 8 HD ,Crystal Green, 64 GB,6399
Infinix,SMART 8 HD ,Timber Black, 64 GB,6399
Infinix,SMART 8 HD ,Galaxy White, 64 GB,6399
Infinix,SMART 8 HD ,Shiny Gold, 64 GB,6399
realme,12 Pro+ 5G ,Submarine Blue, 128 GB,29999
Apple,iPhone 14 ,Midnight, 128 GB,56999
Apple,iPhone 14 ,Starlight, 128 GB,56999
POCO,M6 Pro 5G ,Power Black, 128 GB,9999
Infinix,SMART 8 ,Rainbow Blue, 128 GB,8999
Apple,iPhone 14 ,Blue, 128 GB,56999
MOTOROLA,g24 Power ,Ink blue, 128 GB,8999
Motorola,g84 5G ,Viva Magenta, 256 GB,17999
REDMI,Note 13 Pro 5G ,Coral Purple, 128 GB,25999
POCO,X6 5G ,Mirror Black, 256 GB,21999
Infinix,Note 30 5G ,Magic Black, 128 GB,14999
realme,12 Pro+ 5G ,Submarine Blue, 256 GB,31999
realme,11 5G ,Glory Black, 256 GB,17999
realme,11 5G ,Glory Gold, 256 GB,17999
vivo,T2 5G ,Nitro Blaze, 128 GB,17999
POCO,X6 Pro 5G ,Spectre Black, 256 GB,26999
SAMSUNG,Galaxy F14 5G ,B.A.E. Purple, 128 GB,11990
REDMI,12,Pastel Blue, 128 GB,10499
POCO,M6 Pro 5G ,Forest Green, 128 GB,9999
Infinix,Note 30 5G ,Magic Black, 256 GB,14999
Infinix,Note 30 5G ,Sunset Gold, 256 GB,14999
Infinix,Note 30 5G ,Interstellar Blue, 256 GB,14999
SAMSUNG,Galaxy F14 5G ,OMG Black, 128 GB,13490
vivo,T2 5G ,Velocity Wave, 128 GB,15999
vivo,T2x 5G ,Sunstone Orange, 128 GB,11999
vivo,T2x 5G ,Black Gladiator, 128 GB,11999
Infinix,Note 30 5G ,Interstellar Blue, 128 GB,14999
Apple,iPhone 15 Plus ,Black, 128 GB,82999
Motorola,e13 ,Cosmic Black, 64 GB,6499
MOTOROLA,g24 Power ,Ink blue, 128 GB,7999
Infinix,Note 30 5G ,Sunset Gold, 128 GB,14999
Infinix,Note 30 5G ,Magic Black, 128 GB,14999
POCO,M6 Pro 5G ,Forest Green, 256 GB,12999
REDMI,13C ,Starfrost White, 128 GB,7999
SAMSUNG,Guru Music 2,0,0,1199
SAMSUNG,Galaxy F13 ,Waterfall Blue, 64 GB,9999
Motorola,g84 5G ,Viva Magenta, 256 GB,17999
SAMSUNG,Galaxy S23 5G ,Lavender, 128 GB,64999
Motorola,G32 ,Mineral Gray, 128 GB,9999
Motorola,G34 5G ,Charcoal Black, 128 GB,11999
Motorola,Edge 40 ,Eclipse Black, 256 GB,26999
Infinix,SMART 8 ,Galaxy White, 64 GB,7099
Motorola,G32 ,Satin Silver, 128 GB,9999
realme,Narzo N53 ,Feather Black, 128 GB,11000
POCO,X6 Pro 5G ,Yellow, 256 GB,26999
SAMSUNG,GURU MUSIC 2,0,0,1267
Motorola,e13 ,Creamy White, 64 GB,6499
POCO,M6 5G ,Polaris Green, 128 GB,10499
Motorola,e13 ,Aurora Green, 64 GB,6499
REDMI,12 5G ,Pastel Blue, 256 GB,14999
REDMI,Note 12 Pro 5G ,Glacier Blue, 128 GB,21999
Apple,iPhone 15 ,Black, 128 GB,70999
Motorola,Edge 40 ,Eclipse Black, 256 GB,26999
MOTOROLA,g24 Power ,Glacier Blue, 128 GB,7999
REDMI,13C ,Starshine Green, 128 GB,8999
REDMI,12 5G ,Jade Black, 128 GB,12999
Motorola,Edge 40 Neo ,Peach Fuzz, 128 GB,22999
POCO,X6 5G ,Snowstorm White, 256 GB,21999
REDMI,12,Moonstone Silver, 128 GB,10499
Kechaoda,A26,0,0,999
Motorola,e13 ,Cosmic Black, 64 GB,6499
OnePlus,Nord CE 2 Lite 5G ,Blue Tide, 128 GB,17836
POCO,X6 Pro 5G ,Yellow, 512 GB,28999
POCO,X6 Pro 5G ,Racing Grey, 256 GB,26999
POCO,C65 ,Pastel Blue, 256 GB,8999
REDMI,13C ,Starfrost White, 128 GB,8999
SAMSUNG,Guru 1200,0,0,1099
REDMI,Note 13 Pro 5G ,Coral Purple, 256 GB,27999
POCO,M5 ,Power Black, 128 GB,7999
REDMI,Note 13 Pro 5G ,Midnight Black, 128 GB,25999
OnePlus,Nord CE3 5G ,Aqua Surge, 128 GB,23672
OnePlus,Nord CE3 5G ,Grey Shimmer, 128 GB,23279
REDMI,Note 13 Pro 5G ,Arctic White, 128 GB,25999
SAMSUNG,Guru FM Plus SM-B110E/D,0,0,1260
REDMI,A2 ,Aqua Blue, 64 GB,5499
SAMSUNG,Guru Music 2 SM-B315E,0,0,1199
REDMI,12,Jade Black, 128 GB,10499
POCO,M6 Pro 5G ,Forest Green, 128 GB,9999
POCO,M6 5G ,Galactic Black, 128 GB,9999
IQOO,Z7s 5G ,?Pacific Night, 128 GB,16200
MOTOROLA,g24 Power ,Glacier Blue, 128 GB,7999
realme,11 5G ,Glory Black, 256 GB,17999
REDMI,Note 13 Pro 5G ,Coral Purple, 128 GB,25999
POCO,X6 5G ,Mirror Black, 256 GB,21999
realme,11 5G ,Glory Gold, 256 GB,17999
realme,12 Pro+ 5G ,Submarine Blue, 256 GB,31999
Infinix,Note 30 5G ,Magic Black, 256 GB,14999
POCO,C51 - Locked with Airtel Prepaid ,Royal Blue, 64 GB,4999
Motorola,e13 ,Little Boy Blue, 128 GB,7499
Infinix,HOT 30i ,Marigold, 128 GB,8299
REDMI,12 5G ,Moonstone Silver, 128 GB,12999
Infinix,Note 30 5G ,Interstellar Blue, 256 GB,14999
REDMI,A2 ,Sea Green, 64 GB,6799
Nokia,105,0,0,999
Kechaoda,A26_black,0,0,999
Infinix,SMART 7 ,Azure Blue, 64 GB,6999
REDMI,12 5G ,Pastel Blue, 128 GB,12999
itel,Magic X Pro 4G,0,64 GB,1671
Infinix,Note 30 5G ,Sunset Gold, 256 GB,14999
Kechaoda,K112,0,0,1575
POCO,C65 ,Pastel Blue, 256 GB,8999
Apple,iPhone 13 ,Blue, 128 GB,52999
Apple,iPhone 14 ,Purple, 128 GB,56999
realme,C53 ,Champion Black, 128 GB,8999
POCO,M5 ,Power Black, 64 GB,6999
Motorola,Edge 40 Neo ,Black Beauty, 128 GB,22999
Motorola,g84 5G ,Marshmallow Blue, 256 GB,17999
IQOO,Z7s 5G ,Norway Blue, 128 GB,16199
POCO,M6 5G ,Polaris Green, 128 GB,9999
Nothing,Phone 2,Dark Grey, 512 GB,38999
SAMSUNG,Guru Music 2,0,0,1749
realme,12 Pro+ 5G ,Explorer Red, 256 GB,31999
OnePlus,Nord CE3 5G ,Aqua Surge, 128 GB,23669
OnePlus,12R ,Cool Blue, 128 GB,39698
Kechaoda,A26,0,0,970
REDMI,13C ,Starshine Green, 128 GB,8999
realme,Narzo N53 ,Feather Gold, 64 GB,7868
Apple,iPhone 15 ,Pink, 128 GB,70999
POCO,M4 Pro ,Yellow, 128 GB,10999
OnePlus,12R ,Irony Gray, 128 GB,39988
REDMI,12 5G ,Moonstone Silver, 256 GB,14999
REDMI,A2 ,Aqua Blue, 64 GB,6799
REDMI,13c 5G ,Startrail Green, 256 GB,14019
REDMI,Note 12 5G ,Matte Black, 128 GB,15499
REDMI,12,Jade Black, 128 GB,9999
REDMI,Note 13 5G ,Stealth Black, 256 GB,20840
REDMI,Note 13 5G ,Prism Gold, 256 GB,21146
realme,Narzo 60 5G ,Mars Orange, 128 GB,14634
Motorola,Edge 40 Neo ,Peach Fuzz, 256 GB,24999
SAMSUNG,Galaxy S24 Ultra 5G ,Titanium Gray, 256 GB,129999
Infinix,SMART 7 ,Emerald Green, 128 GB,7799
Infinix,SMART 7 ,Night Black, 128 GB,7799
realme,Narzo 60 5G ,Mars Orange, 256 GB,18990
OnePlus,Nord CE 3 Lite 5G ,Pastel Lime, 128 GB,18147
Motorola,G32 ,Satin Maroon, 128 GB,9999
realme,Narzo 60x 5G,0,0,11974
Infinix,HOT 30 5G ,Knight Black, 128 GB,11499
REDMI,Note 13 5G ,Arctic White, 256 GB,21610
Motorola,e13 ,Cosmic Black, 128 GB,7499
SAMSUNG,Guru Music 2,0,0,1199
Infinix,HOT 30 5G ,Aurora Blue, 128 GB,11499
Infinix,HOT 30i ,Glacier Blue, 128 GB,8299
Infinix,Hot 12 ,Exploratory Blue, 64 GB,8999
Infinix,Hot 12 ,Polar Black, 64 GB,8999
realme,12 Pro+ 5G ,Explorer Red, 128 GB,29999
realme,12 Pro+ 5G ,Navigator Beige, 128 GB,29999
Infinix,Hot 12 ,7ø Purple, 64 GB,8999
Infinix,Zero 30 5G ,Rome Green, 256 GB,22999
SAMSUNG,GURU MUSIC 2,0,0,1267
Infinix,HOT 30i ,Marigold, 128 GB,8299
Apple,iPhone 13 ,Green, 128 GB,52999
Infinix,Zero 30 5G ,Golden Hour, 256 GB,21999
POCO,C65 ,Matte Black, 256 GB,8999
REDMI,A2 ,Aqua Blue, 64 GB,6799
Nothing,Phone 2,Dark Grey, 512 GB,38999
Infinix,SMART 7 ,Azure Blue, 128 GB,7799
Infinix,SMART 7 ,Night Black, 128 GB,7799
Jio,PRIMA 4G,0,0,2759
Infinix,SMART 7 ,Emerald Green, 128 GB,7799
Nokia,105 Classic without Charger,0,0,999
Nothing,Phone 2,White, 128 GB,39999
SAMSUNG,Guru Music 2,0,0,1199
Infinix,SMART 7 ,Night Black, 64 GB,6999
Infinix,SMART 7 ,Emerald Green, 64 GB,6999
realme,Narzo 60 5G ,Cosmic Black, 128 GB,15735
Infinix,SMART 7 ,Azure Blue, 64 GB,6999
realme,C67 5G ,Sunny Oasis, 128 GB,14499
realme,C67 5G ,Dark Purple, 128 GB,11999
Nothing,Phone 2,Dark Grey, 256 GB,36999
Nokia,105 Single SIM,0,0,1199
REDMI,12,Jade Black, 128 GB,10499
Nothing,Phone 2,White, 256 GB,36999
realme,Narzo 60X 5G ,Stellar Green, 128 GB,12916
Infinix,HOT 30i ,Diamond White, 128 GB,8299
Apple,iPhone 15 ,Green, 128 GB,70999
realme,Narzo 60X 5G ,Nebula Purple, 128 GB,12945
REDMI,Note 13 5G ,Stealth Black, 256 GB,20840
realme,Narzo 60x 5G ,Stellar Green, 128 GB,11715
Infinix,HOT 30i ,Mirror Black, 64 GB,8399
REDMI,Note 13 5G ,Arctic White, 256 GB,21500
Infinix,HOT 30i ,Glacier Blue, 64 GB,8399
Infinix,HOT 30i ,Marigold, 64 GB,8399
Infinix,HOT 30i ,Diamond White, 64 GB,8399
itel,Magic X Pro 4G,0,64 GB,1671
realme,C67 5G ,Dark Purple, 128 GB,14499
SAMSUNG,Galaxy F54 5G ,Meteor Blue, 256 GB,24999
REDMI,12,Jade Black, 128 GB,9999
SAMSUNG,Galaxy M14 5G ,Icy Silver, 128 GB,11980
IQOO,Z7s 5G ,Pacific Night, 128 GB,19190
IQOO,Z7S 5G ,Pacific Night, 128 GB,15881
REDMI,A2 ,Sea Green, 64 GB,6799
REDMI,Note 13 5G ,Stealth Black, 256 GB,18900
REDMI,Note 12 Pro 5G ,Glacier Blue, 128 GB,21999
Infinix,HOT 30i ,Mirror Black, 128 GB,8299
REDMI,Note 13 5G ,Prism Gold, 256 GB,21146
Motorola,Edge 40 ,Lunar Blue, 256 GB,26999
Infinix,Zero 30 5G ,Rome Green, 256 GB,21999
REDMI,13c 5G ,Startrail Silver, 256 GB,14106
REDMI,Note 13 5G ,Prism Gold, 128 GB,17227
Motorola,e13 ,Aurora Green, 64 GB,6499
SAMSUNG,Guru Music 2,0,0,1749
Nokia,105 Single SIM,0, Keypad Mobile Phone with Wireless FM Radio,1199
POCO,M6 5G ,Polaris Green, 128 GB,9999
SAMSUNG,Galaxy M14 5G ,Berry Blue, 128 GB,11875
Nothing,Phone 2,White, 512 GB,38999
SAMSUNG,Galaxy M04 ,Dark Blue, 64 GB,6510
OnePlus,12R ,Irony Gray, 128 GB,39990
OnePlus,12R ,Cool Blue, 128 GB,39698
REDMI,Note 13 Pro+ 5G ,Fusion Black, 256 GB,31999
SAMSUNG,Galaxy F34 5G ,Orchid Violet, 128 GB,15999
REDMI,13c 5G ,Startrail Green, 128 GB,11908
REDMI,Note 13 5G ,Stealth Black, 128 GB,16897
SAMSUNG,Galaxy F34 5G ,Electric Black, 128 GB,15999
REDMI,13c 5G ,Startrail Green, 128 GB,10894
REDMI,Note 13 5G ,Arctic White, 128 GB,17486
Nokia,105 SS ,0,0,1092
OnePlus,Nord CE 2 Lite 5G ,Black Dusk, 128 GB,17390
REDMI,13c 5G ,Starlight Black, 128 GB,10800
OnePlus,Nord CE 3 Lite 5G ,Chromatic Gray, 256 GB,19643
Motorola,g14 ,Sky Blue, 128 GB,8499
IQOO,Z6 Lite 5G  ,Stellar Green, 128 GB,12793
SAMSUNG,Galaxy M14 5G ,Berry Blue, 128 GB,10933
SAMSUNG,Galaxy M14 5G ,Smoky Teal, 128 GB,10894
Nokia,105,0,0,1357
REDMI,13c 5G ,Startrail Silver, 128 GB,10795
Motorola,g14 ,Steel Gray, 128 GB,8499
SAMSUNG,Galaxy M34 5G ,Prism Silver, 128 GB,15599
POCO,X6 5G ,Snowstorm White, 512 GB,24999
Apple,iPhone 14 Plus ,Blue, 128 GB,66999
REDMI,13c 5G ,Starlight Black, 256 GB,13989
POCO,M5 ,Power Black, 64 GB,6999
realme,Narzo 60X 5G ,Nebula Purple, 128 GB,11704
SAMSUNG,Galaxy M04 ,Light Green, 64 GB,6469
REDMI,Note 12 5G ,Matte Black, 128 GB,15499
POCO,C51 ,Power Black, 64 GB,4999
Samsung,Galaxy S21 FE 5G ,Graphite, 256 GB,30999
SAMSUNG,Galaxy M14 5G ,ICY Silver, 128 GB,11220
Apple,iPhone 14 ,PRODUCT)RED, 128 GB,56999
REDMI,Note 12 ,Sunrise Gold, 64 GB,10999
POCO,M4 Pro ,Yellow, 128 GB,10999
POCO,C65 ,Pastel Green, 128 GB,8299
POCO,X6 5G ,Mirror Black, 512 GB,24999
Apple,iPhone 12 ,Blue, 64 GB,44999
vivo,T2x 5G , Glimmer Black, 128GB,12999
Apple,iPhone 15 , Black, 128GB,70990
Apple,iPhone 15 , Blue, 128GB,70990
Apple,iPhone 15 , Black, 128GB,81990
vivo,Y17s , Forest Green, 128GB,10499
vivo,Y17s , Glitter Purple, 128GB,10499
Apple,iPhone 15 , Blue, 128GB,81990
OnePlus,Nord CE 3 5G , Grey, 128GB,24999
OnePlus,Nord CE 3 Lite 5G , Chromatic Gray, 128GB,19999
Apple,iPhone 15 Plus , Black, 128GB,81490
Apple,iPhone 15 Plus , Blue, 128GB,81490
Apple,iPhone 15 , Pink, 128GB,81990
Apple,iPhone 15 , Green, 128GB,81990
vivo,Y28 5G , Crystal Purple, 128GB,13999
Apple,iPhone 15 , Green, 128GB,70990
OnePlus,Nord CE3 5G , Aqua Surge, 128GB,24999
Apple,iPhone 15 , Pink, 128GB,70990
Apple,iPhone 15 Plus , Blue, 128GB,92990
Apple,iPhone 15 Plus , Pink, 128GB,81490
realme,C53 , Champion Gold, 128GB,8999
OnePlus,Nord CE 3 Lite 5G , Pastel Lime, 128GB,19999
vivo,T2x 5G , Glimmer Black, 128GB,12999
Apple,iPhone 15 , Black, 128GB,70990
Apple,iPhone 15 , Blue, 128GB,70990
Apple,iPhone 15 , Black,256GB,81990
vivo,Y17s , Forest Green,4GB RAM,10499
vivo,Y17s , Glitter Purple,4GB RAM,10499
Apple,iPhone 15 , Blue,256GB,81990
OnePlus,Nord CE 3 5G , Grey,8GB,24999
OnePlus,Nord CE 3 Lite 5G , Chromatic Gray,8GB RAM,19999
Apple,iPhone 15 Plus , Black,128GB,81490
Apple,iPhone 15 Plus , Blue,128GB,81490
Apple,iPhone 15 , Pink,256GB,81990
Apple,iPhone 15 , Green,256GB,81990
vivo,Y28 5G , Crystal Purple,4GB RAM,13999
Apple,iPhone 15 , Green,128GB,70990
OnePlus,Nord CE3 5G , Aqua Surge,8GB RAM,24999
Apple,iPhone 15 , Pink,128GB,70990
Apple,iPhone 15 Plus , Blue,256GB,92990
Apple,iPhone 15 Plus , Pink,128GB,81490
realme,C53 , Champion Gold,4GB RAM,8999
OnePlus,Nord CE 3 Lite 5G , Pastel Lime,8GB RAM,19999
vivo,T2x 5G , Glimmer Black,6GB RAM,12999
Apple,iPhone 15 , Black,128GB,70990
Apple,iPhone 15 , Blue,128GB,70990
Apple,iPhone 15 , Black,256GB,81990
vivo,Y17s , Forest Green,4GB RAM,10499
vivo,Y17s , Glitter Purple,4GB RAM,10499
Apple,iPhone 15 , Blue,256GB,81990
OnePlus,Nord CE 3 5G , Grey,8GB,24999
OnePlus,Nord CE 3 Lite 5G , Chromatic Gray,8GB RAM,19999
Apple,iPhone 15 Plus , Black,128GB,81490
Apple,iPhone 15 Plus , Blue,128GB,81490
Apple,iPhone 15 , Pink,256GB,81990
Apple,iPhone 15 , Green,256GB,81990
vivo,Y28 5G , Crystal Purple,4GB RAM,13999
Apple,iPhone 15 , Green,128GB,70990
OnePlus,Nord CE3 5G , Aqua Surge,8GB RAM,24999
Apple,iPhone 15 , Pink,128GB,70990
Apple,iPhone 15 Plus , Blue,256GB,92990
Apple,iPhone 15 Plus , Pink,128GB,81490
realme,C53 , Champion Gold,4GB RAM,8999
OnePlus,Nord CE 3 Lite 5G , Pastel Lime,8GB RAM,19999
vivo,T2x 5G , Glimmer Black,6GB RAM,12999
Apple,iPhone 15 , Black,128GB,70990
Apple,iPhone 15 , Blue,128GB,70990
Apple,iPhone 15 , Black,256GB,81990
vivo,Y17s , Forest Green,4GB RAM,10499
vivo,Y17s , Glitter Purple,4GB RAM,10499
Apple,iPhone 15 , Blue,256GB,81990
OnePlus,Nord CE 3 5G , Grey,8GB,24999
OnePlus,Nord CE 3 Lite 5G , Chromatic Gray,8GB RAM,19999
Apple,iPhone 15 Plus , Black,128GB,81490
Apple,iPhone 15 Plus , Blue,128GB,81490
Apple,iPhone 15 , Pink,256GB,81990
Apple,iPhone 15 , Green,256GB,81990
vivo,Y28 5G , Crystal Purple,4GB RAM,13999
Apple,iPhone 15 , Green,128GB,70990
OnePlus,Nord CE3 5G , Aqua Surge,8GB RAM,24999
Apple,iPhone 15 , Pink,128GB,70990
Apple,iPhone 15 Plus , Blue,256GB,92990
Apple,iPhone 15 Plus , Pink,128GB,81490
realme,C53 , Champion Gold,4GB RAM,8999
OnePlus,Nord CE 3 Lite 5G , Pastel Lime,8GB RAM,19999
vivo,T2x 5G , Glimmer Black,6GB RAM,12999
Apple,iPhone 15 , Black,128GB,70990
Apple,iPhone 15 , Blue,128GB,70990
Apple,iPhone 15 , Black,256GB,81990
vivo,Y17s , Forest Green,4GB RAM,10499
vivo,Y17s , Glitter Purple,4GB RAM,10499
Apple,iPhone 15 , Blue,256GB,81990
OnePlus,Nord CE 3 5G , Grey,8GB,24999
OnePlus,Nord CE 3 Lite 5G , Chromatic Gray,8GB RAM,19999
Apple,iPhone 15 Plus , Black,128GB,81490
Apple,iPhone 15 Plus , Blue,128GB,81490
Apple,iPhone 15 , Pink,256GB,81990
Apple,iPhone 15 , Green,256GB,81990
vivo,Y28 5G , Crystal Purple,4GB RAM,13999
Apple,iPhone 15 , Green,128GB,70990
OnePlus,Nord CE3 5G , Aqua Surge,8GB RAM,24999
Apple,iPhone 15 , Pink,128GB,70990
Apple,iPhone 15 Plus , Blue,256GB,92990
Apple,iPhone 15 Plus , Pink,128GB,81490
realme,C53 , Champion Gold,4GB RAM,8999
OnePlus,Nord CE 3 Lite 5G , Pastel Lime,8GB RAM,19999
vivo,T2x 5G , Glimmer Black,6GB RAM,12999
Apple,iPhone 15 , Black,128GB,70990
Apple,iPhone 15 , Blue,128GB,70990
Apple,iPhone 15 , Black,256GB,81990
vivo,Y17s , Forest Green,4GB RAM,10499
vivo,Y17s , Glitter Purple,4GB RAM,10499
Apple,iPhone 15 , Blue,256GB,81990
OnePlus,Nord CE 3 5G , Grey,8GB,24999
OnePlus,Nord CE 3 Lite 5G , Chromatic Gray,8GB RAM,19999
Apple,iPhone 15 Plus , Black,128GB,81490
Apple,iPhone 15 Plus , Blue,128GB,81490
Apple,iPhone 15 , Pink,256GB,81990
Apple,iPhone 15 , Green,256GB,81990
vivo,Y28 5G , Crystal Purple,4GB RAM,13999
Apple,iPhone 15 , Green,128GB,70990
OnePlus,Nord CE3 5G , Aqua Surge,8GB RAM,24999
Apple,iPhone 15 , Pink,128GB,70990
Apple,iPhone 15 Plus , Blue,256GB,92990
Apple,iPhone 15 Plus , Pink,128GB,81490
realme,C53 , Champion Gold,4GB RAM,8999
OnePlus,Nord CE 3 Lite 5G , Pastel Lime,8GB RAM,19999
vivo,T2x 5G , Glimmer Black,6GB RAM,12999
Apple,iPhone 15 , Black,128GB,70990
Apple,iPhone 15 , Blue,128GB,70990
Apple,iPhone 15 , Black,256GB,81990
vivo,Y17s , Forest Green,4GB RAM,10499
vivo,Y17s , Glitter Purple,4GB RAM,10499
Apple,iPhone 15 , Blue,256GB,81990
OnePlus,Nord CE 3 5G , Grey,8GB,24999
OnePlus,Nord CE 3 Lite 5G , Chromatic Gray,8GB RAM,19999
Apple,iPhone 15 Plus , Black,128GB,81490
Apple,iPhone 15 Plus , Blue,128GB,81490
Apple,iPhone 15 , Pink,256GB,81990
Apple,iPhone 15 , Green,256GB,81990
vivo,Y28 5G , Crystal Purple,4GB RAM,13999
Apple,iPhone 15 , Green,128GB,70990
OnePlus,Nord CE3 5G , Aqua Surge,8GB RAM,24999
Apple,iPhone 15 , Pink,128GB,70990
Apple,iPhone 15 Plus , Blue,256GB,92990
Apple,iPhone 15 Plus , Pink,128GB,81490
realme,C53 , Champion Gold,4GB RAM,8999
OnePlus,Nord CE 3 Lite 5G , Pastel Lime,8GB RAM,19999
vivo,T2x 5G , Glimmer Black,6GB RAM,12999
Apple,iPhone 15 , Black,128GB,70990
Apple,iPhone 15 , Blue,128GB,70990
Apple,iPhone 15 , Black,256GB,81990
vivo,Y17s , Forest Green,4GB RAM,10499
vivo,Y17s , Glitter Purple,4GB RAM,10499
Apple,iPhone 15 , Blue,256GB,81990
OnePlus,Nord CE 3 5G , Grey,8GB,24999
OnePlus,Nord CE 3 Lite 5G , Chromatic Gray,8GB RAM,19999
Apple,iPhone 15 Plus , Black,128GB,81490
Apple,iPhone 15 Plus , Blue,128GB,81490
Apple,iPhone 15 , Pink,256GB,81990
Apple,iPhone 15 , Green,256GB,81990
vivo,Y28 5G , Crystal Purple,4GB RAM,13999
Apple,iPhone 15 , Green,128GB,70990
OnePlus,Nord CE3 5G , Aqua Surge,8GB RAM,24999
Apple,iPhone 15 , Pink,128GB,70990
Apple,iPhone 15 Plus , Blue,256GB,92990
Apple,iPhone 15 Plus , Pink,128GB,81490
realme,C53 , Champion Gold,4GB RAM,8999
OnePlus,Nord CE 3 Lite 5G , Pastel Lime,8GB RAM,19999
vivo,T2x 5G , Glimmer Black,6GB RAM,12999
Apple,iPhone 15 , Black,128GB,70990
Apple,iPhone 15 , Blue,128GB,70990
Apple,iPhone 15 , Black,256GB,81990
vivo,Y17s , Forest Green,4GB RAM,10499
vivo,Y17s , Glitter Purple,4GB RAM,10499
Apple,iPhone 15 , Blue,256GB,81990
OnePlus,Nord CE 3 5G , Grey,8GB,24999
OnePlus,Nord CE 3 Lite 5G , Chromatic Gray,8GB RAM,19999
Apple,iPhone 15 Plus , Black,128GB,81490
Apple,iPhone 15 Plus , Blue,128GB,81490
Apple,iPhone 15 , Pink,256GB,81990
Apple,iPhone 15 , Green,256GB,81990
vivo,Y28 5G , Crystal Purple,4GB RAM,13999
Apple,iPhone 15 , Green,128GB,70990
OnePlus,Nord CE3 5G , Aqua Surge,8GB RAM,24999
Apple,iPhone 15 , Pink,128GB,70990
Apple,iPhone 15 Plus , Blue,256GB,92990
Apple,iPhone 15 Plus , Pink,128GB,81490
realme,C53 , Champion Gold,4GB RAM,8999
OnePlus,Nord CE 3 Lite 5G , Pastel Lime,8GB RAM,19999
vivo,T2x 5G , Glimmer Black,6GB RAM,12999
Apple,iPhone 15 , Black,128GB,70990
Apple,iPhone 15 , Blue,128GB,70990
Apple,iPhone 15 , Black,256GB,81990
vivo,Y17s , Forest Green,4GB RAM,10499
vivo,Y17s , Glitter Purple,4GB RAM,10499
Apple,iPhone 15 , Blue,256GB,81990
OnePlus,Nord CE 3 5G , Grey,8GB,24999
OnePlus,Nord CE 3 Lite 5G , Chromatic Gray,8GB RAM,19999
Apple,iPhone 15 Plus , Black,128GB,81490
Apple,iPhone 15 Plus , Blue,128GB,81490
Apple,iPhone 15 , Pink,256GB,81990
Apple,iPhone 15 , Green,256GB,81990
vivo,Y28 5G , Crystal Purple,4GB RAM,13999
Apple,iPhone 15 , Green,128GB,70990
OnePlus,Nord CE3 5G , Aqua Surge,8GB RAM,24999
Apple,iPhone 15 , Pink,128GB,70990
Apple,iPhone 15 Plus , Blue,256GB,92990
Apple,iPhone 15 Plus , Pink,128GB,81490
realme,C53 , Champion Gold,4GB RAM,8999
OnePlus,Nord CE 3 Lite 5G , Pastel Lime,8GB RAM,19999
vivo,T2x 5G , Glimmer Black,6GB RAM,12999
Apple,iPhone 15 , Black,128GB,70990
Apple,iPhone 15 , Blue,128GB,70990
Apple,iPhone 15 , Black,256GB,81990
vivo,Y17s , Forest Green,4GB RAM,10499
vivo,Y17s , Glitter Purple,4GB RAM,10499
Apple,iPhone 15 , Blue,256GB,81990
OnePlus,Nord CE 3 5G , Grey,8GB,24999
OnePlus,Nord CE 3 Lite 5G , Chromatic Gray,8GB RAM,19999
Apple,iPhone 15 Plus , Black,128GB,81490
Apple,iPhone 15 Plus , Blue,128GB,81490
Apple,iPhone 15 , Pink,256GB,81990
Apple,iPhone 15 , Green,256GB,81990
vivo,Y28 5G , Crystal Purple,4GB RAM,13999
Apple,iPhone 15 , Green,128GB,70990
OnePlus,Nord CE3 5G , Aqua Surge,8GB RAM,24999
Apple,iPhone 15 , Pink,128GB,70990
Apple,iPhone 15 Plus , Blue,256GB,92990
Apple,iPhone 15 Plus , Pink,128GB,81490
realme,C53 , Champion Gold,4GB RAM,8999
OnePlus,Nord CE 3 Lite 5G , Pastel Lime,8GB RAM,19999
vivo,T2x 5G , Glimmer Black,6GB RAM,12999
Apple,iPhone 15 , Black,128GB,70990
Apple,iPhone 15 , Blue,128GB,70990
Apple,iPhone 15 , Black,256GB,81990
vivo,Y17s , Forest Green,4GB RAM,10499
vivo,Y17s , Glitter Purple,4GB RAM,10499
Apple,iPhone 15 , Blue,256GB,81990
OnePlus,Nord CE 3 5G , Grey,8GB,24999
OnePlus,Nord CE 3 Lite 5G , Chromatic Gray,8GB RAM,19999
Apple,iPhone 15 Plus , Black,128GB,81490
Apple,iPhone 15 Plus , Blue,128GB,81490
Apple,iPhone 15 , Pink,256GB,81990
Apple,iPhone 15 , Green,256GB,81990
vivo,Y28 5G , Crystal Purple,4GB RAM,13999
Apple,iPhone 15 , Green,128GB,70990
OnePlus,Nord CE3 5G , Aqua Surge,8GB RAM,24999
Apple,iPhone 15 , Pink,128GB,70990
Apple,iPhone 15 Plus , Blue,256GB,92990
Apple,iPhone 15 Plus , Pink,128GB,81490
realme,C53 , Champion Gold,4GB RAM,8999
OnePlus,Nord CE 3 Lite 5G , Pastel Lime,8GB RAM,19999
vivo,T2x 5G , Glimmer Black,6GB RAM,12999
Apple,iPhone 15 , Black,128GB,70990
Apple,iPhone 15 , Blue,128GB,70990
Apple,iPhone 15 , Black,256GB,81990
vivo,Y17s , Forest Green,4GB RAM,10499
vivo,Y17s , Glitter Purple,4GB RAM,10499
Apple,iPhone 15 , Blue,256GB,81990
OnePlus,Nord CE 3 5G , Grey,8GB,24999
OnePlus,Nord CE 3 Lite 5G , Chromatic Gray,8GB RAM,19999
Apple,iPhone 15 Plus , Black,128GB,81490
Apple,iPhone 15 Plus , Blue,128GB,81490
Apple,iPhone 15 , Pink,256GB,81990
Apple,iPhone 15 , Green,256GB,81990
vivo,Y28 5G , Crystal Purple,4GB RAM,13999
Apple,iPhone 15 , Green,128GB,70990
OnePlus,Nord CE3 5G , Aqua Surge,8GB RAM,24999
Apple,iPhone 15 , Pink,128GB,70990
Apple,iPhone 15 Plus , Blue,256GB,92990
Apple,iPhone 15 Plus , Pink,128GB,81490
realme,C53 , Champion Gold,4GB RAM,8999
OnePlus,Nord CE 3 Lite 5G , Pastel Lime,8GB RAM,19999
vivo,T2x 5G , Glimmer Black,6GB RAM,12999
Apple,iPhone 15 , Black,128GB,70990
Apple,iPhone 15 , Blue,128GB,70990
Apple,iPhone 15 , Black,256GB,81990
vivo,Y17s , Forest Green,4GB RAM,10499
vivo,Y17s , Glitter Purple,4GB RAM,10499
Apple,iPhone 15 , Blue,256GB,81990
OnePlus,Nord CE 3 5G , Grey,8GB,24999
OnePlus,Nord CE 3 Lite 5G , Chromatic Gray,8GB RAM,19999
Apple,iPhone 15 Plus , Black,128GB,81490
Apple,iPhone 15 Plus , Blue,128GB,81490
Apple,iPhone 15 , Pink,256GB,81990
Apple,iPhone 15 , Green,256GB,81990
vivo,Y28 5G , Crystal Purple,4GB RAM,13999
Apple,iPhone 15 , Green,128GB,70990
OnePlus,Nord CE3 5G , Aqua Surge,8GB RAM,24999
Apple,iPhone 15 , Pink,128GB,70990
Apple,iPhone 15 Plus , Blue,256GB,92990
Apple,iPhone 15 Plus , Pink,128GB,81490
realme,C53 , Champion Gold,4GB RAM,8999
OnePlus,Nord CE 3 Lite 5G , Pastel Lime,8GB RAM,19999
vivo,T2x 5G , Glimmer Black,6GB RAM,12999
Apple,iPhone 15 , Black,128GB,70990
Apple,iPhone 15 , Blue,128GB,70990
Apple,iPhone 15 , Black,256GB,81990
vivo,Y17s , Forest Green,4GB RAM,10499
vivo,Y17s , Glitter Purple,4GB RAM,10499
Apple,iPhone 15 , Blue,256GB,81990
OnePlus,Nord CE 3 5G , Grey,8GB,24999
OnePlus,Nord CE 3 Lite 5G , Chromatic Gray,8GB RAM,19999
Apple,iPhone 15 Plus , Black,128GB,81490
Apple,iPhone 15 Plus , Blue,128GB,81490
Apple,iPhone 15 , Pink,256GB,81990
Apple,iPhone 15 , Green,256GB,81990
vivo,Y28 5G , Crystal Purple,4GB RAM,13999
Apple,iPhone 15 , Green,128GB,70990
OnePlus,Nord CE3 5G , Aqua Surge,8GB RAM,24999
Apple,iPhone 15 , Pink,128GB,70990
Apple,iPhone 15 Plus , Blue,256GB,92990
Apple,iPhone 15 Plus , Pink,128GB,81490
realme,C53 , Champion Gold,4GB RAM,8999
OnePlus,Nord CE 3 Lite 5G , Pastel Lime,8GB RAM,19999
vivo,T2x 5G , Glimmer Black,6GB RAM,12999
Apple,iPhone 15 , Black,128GB,70990
Apple,iPhone 15 , Blue,128GB,70990
Apple,iPhone 15 , Black,256GB,81990
vivo,Y17s , Forest Green,4GB RAM,10499
vivo,Y17s , Glitter Purple,4GB RAM,10499
Apple,iPhone 15 , Blue,256GB,81990
OnePlus,Nord CE 3 5G , Grey,8GB,24999
OnePlus,Nord CE 3 Lite 5G , Chromatic Gray,8GB RAM,19999
Apple,iPhone 15 Plus , Black,128GB,81490
Apple,iPhone 15 Plus , Blue,128GB,81490
Apple,iPhone 15 , Pink,256GB,81990
Apple,iPhone 15 , Green,256GB,81990
vivo,Y28 5G , Crystal Purple,4GB RAM,13999
Apple,iPhone 15 , Green,128GB,70990
OnePlus,Nord CE3 5G , Aqua Surge,8GB RAM,24999
Apple,iPhone 15 , Pink,128GB,70990
Apple,iPhone 15 Plus , Blue,256GB,92990
Apple,iPhone 15 Plus , Pink,128GB,81490
realme,C53 , Champion Gold,4GB RAM,8999
OnePlus,Nord CE 3 Lite 5G , Pastel Lime,8GB RAM,19999
vivo,T2x 5G , Glimmer Black,6GB RAM,12999
Apple,iPhone 15 , Black,128GB,70990
Apple,iPhone 15 , Blue,128GB,70990
Apple,iPhone 15 , Black,256GB,81990
vivo,Y17s , Forest Green,4GB RAM,10499
vivo,Y17s , Glitter Purple,4GB RAM,10499
Apple,iPhone 15 , Blue,256GB,81990
OnePlus,Nord CE 3 5G , Grey,8GB,24999
OnePlus,Nord CE 3 Lite 5G , Chromatic Gray,8GB RAM,19999
Apple,iPhone 15 Plus , Black,128GB,81490
Apple,iPhone 15 Plus , Blue,128GB,81490
Apple,iPhone 15 , Pink,256GB,81990
Apple,iPhone 15 , Green,256GB,81990
vivo,Y28 5G , Crystal Purple,4GB RAM,13999
Apple,iPhone 15 , Green,128GB,70990
OnePlus,Nord CE3 5G , Aqua Surge,8GB RAM,24999
Apple,iPhone 15 , Pink,128GB,70990
Apple,iPhone 15 Plus , Blue,256GB,92990
Apple,iPhone 15 Plus , Pink,128GB,81490
realme,C53 , Champion Gold,4GB RAM,8999
OnePlus,Nord CE 3 Lite 5G , Pastel Lime,8GB RAM,19999
vivo,T2x 5G , Glimmer Black,6GB RAM,12999
Apple,iPhone 15 , Black,128GB,70990
Apple,iPhone 15 , Blue,128GB,70990
Apple,iPhone 15 , Black,256GB,81990
vivo,Y17s , Forest Green,4GB RAM,10499
vivo,Y17s , Glitter Purple,4GB RAM,10499
Apple,iPhone 15 , Blue,256GB,81990
OnePlus,Nord CE 3 5G , Grey,8GB,24999
OnePlus,Nord CE 3 Lite 5G , Chromatic Gray,8GB RAM,19999
Apple,iPhone 15 Plus , Black,128GB,81490
Apple,iPhone 15 Plus , Blue,128GB,81490
Apple,iPhone 15 , Pink,256GB,81990
Apple,iPhone 15 , Green,256GB,81990
vivo,Y28 5G , Crystal Purple,4GB RAM,13999
Apple,iPhone 15 , Green,128GB,70990
OnePlus,Nord CE3 5G , Aqua Surge,8GB RAM,24999
Apple,iPhone 15 , Pink,128GB,70990
Apple,iPhone 15 Plus , Blue,256GB,92990
Apple,iPhone 15 Plus , Pink,128GB,81490
realme,C53 , Champion Gold,4GB RAM,8999
OnePlus,Nord CE 3 Lite 5G , Pastel Lime,8GB RAM,19999
vivo,T2x 5G , Glimmer Black,6GB RAM,12999
Apple,iPhone 15 , Black,128GB,70990
Apple,iPhone 15 , Blue,128GB,70990
Apple,iPhone 15 , Black,256GB,81990
vivo,Y17s , Forest Green,4GB RAM,10499
vivo,Y17s , Glitter Purple,4GB RAM,10499
Apple,iPhone 15 , Blue,256GB,81990
OnePlus,Nord CE 3 5G , Grey,8GB,24999
OnePlus,Nord CE 3 Lite 5G , Chromatic Gray,8GB RAM,19999
Apple,iPhone 15 Plus , Black,128GB,81490
Apple,iPhone 15 Plus , Blue,128GB,81490
Apple,iPhone 15 , Pink,256GB,81990
Apple,iPhone 15 , Green,256GB,81990
vivo,Y28 5G , Crystal Purple,4GB RAM,13999
Apple,iPhone 15 , Green,128GB,70990
OnePlus,Nord CE3 5G , Aqua Surge,8GB RAM,24999
Apple,iPhone 15 , Pink,128GB,70990
Apple,iPhone 15 Plus , Blue,256GB,92990
Apple,iPhone 15 Plus , Pink,128GB,81490
realme,C53 , Champion Gold,4GB RAM,8999
OnePlus,Nord CE 3 Lite 5G , Pastel Lime,8GB RAM,19999
vivo,T2x 5G , Glimmer Black,6GB RAM,12999
Apple,iPhone 15 , Black,128GB,70990
Apple,iPhone 15 , Blue,128GB,70990
Apple,iPhone 15 , Black,256GB,81990
vivo,Y17s , Forest Green,4GB RAM,10499
vivo,Y17s , Glitter Purple,4GB RAM,10499
Apple,iPhone 15 , Blue,256GB,81990
OnePlus,Nord CE 3 5G , Grey,8GB,24999
OnePlus,Nord CE 3 Lite 5G , Chromatic Gray,8GB RAM,19999
Apple,iPhone 15 Plus , Black,128GB,81490
Apple,iPhone 15 Plus , Blue,128GB,81490
Apple,iPhone 15 , Pink,256GB,81990
Apple,iPhone 15 , Green,256GB,81990
vivo,Y28 5G , Crystal Purple,4GB RAM,13999
Apple,iPhone 15 , Green,128GB,70990
OnePlus,Nord CE3 5G , Aqua Surge,8GB RAM,24999
Apple,iPhone 15 , Pink,128GB,70990
Apple,iPhone 15 Plus , Blue,256GB,92990
Apple,iPhone 15 Plus , Pink,128GB,81490
realme,C53 , Champion Gold,4GB RAM,8999
OnePlus,Nord CE 3 Lite 5G , Pastel Lime,8GB RAM,19999
vivo,T2x 5G , Glimmer Black,6GB RAM,12999
Apple,iPhone 15 , Black,128GB,70990
Apple,iPhone 15 , Blue,128GB,70990
Apple,iPhone 15 , Black,256GB,81990
vivo,Y17s , Forest Green,4GB RAM,10499
vivo,Y17s , Glitter Purple,4GB RAM,10499
Apple,iPhone 15 , Blue,256GB,81990
OnePlus,Nord CE 3 5G , Grey,8GB,24999
OnePlus,Nord CE 3 Lite 5G , Chromatic Gray,8GB RAM,19999
Apple,iPhone 15 Plus , Black,128GB,81490
Apple,iPhone 15 Plus , Blue,128GB,81490
Apple,iPhone 15 , Pink,256GB,81990
Apple,iPhone 15 , Green,256GB,81990
vivo,Y28 5G , Crystal Purple,4GB RAM,13999
Apple,iPhone 15 , Green,128GB,70990
OnePlus,Nord CE3 5G , Aqua Surge,8GB RAM,24999
Apple,iPhone 15 , Pink,128GB,70990
Apple,iPhone 15 Plus , Blue,256GB,92990
Apple,iPhone 15 Plus , Pink,128GB,81490
realme,C53 , Champion Gold,4GB RAM,8999
OnePlus,Nord CE 3 Lite 5G , Pastel Lime,8GB RAM,19999
vivo,T2x 5G , Glimmer Black,6GB RAM,12999
Apple,iPhone 15 , Black,128GB,70990
Apple,iPhone 15 , Blue,128GB,70990
Apple,iPhone 15 , Black,256GB,81990
vivo,Y17s , Forest Green,4GB RAM,10499
vivo,Y17s , Glitter Purple,4GB RAM,10499
Apple,iPhone 15 , Blue,256GB,81990
OnePlus,Nord CE 3 5G , Grey,8GB,24999
OnePlus,Nord CE 3 Lite 5G , Chromatic Gray,8GB RAM,19999
Apple,iPhone 15 Plus , Black,128GB,81490
Apple,iPhone 15 Plus , Blue,128GB,81490
Apple,iPhone 15 , Pink,256GB,81990
Apple,iPhone 15 , Green,256GB,81990
vivo,Y28 5G , Crystal Purple,4GB RAM,13999
Apple,iPhone 15 , Green,128GB,70990
OnePlus,Nord CE3 5G , Aqua Surge,8GB RAM,24999
Apple,iPhone 15 , Pink,128GB,70990
Apple,iPhone 15 Plus , Blue,256GB,92990
Apple,iPhone 15 Plus , Pink,128GB,81490
realme,C53 , Champion Gold,4GB RAM,8999
OnePlus,Nord CE 3 Lite 5G , Pastel Lime,8GB RAM,19999
vivo,T2x 5G , Glimmer Black,6GB RAM,12999
Apple,iPhone 15 , Black,128GB,70990
Apple,iPhone 15 , Blue,128GB,70990
Apple,iPhone 15 , Black,256GB,81990
vivo,Y17s , Forest Green,4GB RAM,10499
vivo,Y17s , Glitter Purple,4GB RAM,10499
Apple,iPhone 15 , Blue,256GB,81990
OnePlus,Nord CE 3 5G , Grey,8GB,24999
OnePlus,Nord CE 3 Lite 5G , Chromatic Gray,8GB RAM,19999
Apple,iPhone 15 Plus , Black,128GB,81490
Apple,iPhone 15 Plus , Blue,128GB,81490
Apple,iPhone 15 , Pink,256GB,81990
Apple,iPhone 15 , Green,256GB,81990
vivo,Y28 5G , Crystal Purple,4GB RAM,13999
Apple,iPhone 15 , Green,128GB,70990
OnePlus,Nord CE3 5G , Aqua Surge,8GB RAM,24999
Apple,iPhone 15 , Pink,128GB,70990
Apple,iPhone 15 Plus , Blue,256GB,92990
Apple,iPhone 15 Plus , Pink,128GB,81490
realme,C53 , Champion Gold,4GB RAM,8999
OnePlus,Nord CE 3 Lite 5G , Pastel Lime,8GB RAM,19999
vivo,T2x 5G , Glimmer Black,6GB RAM,12999
Apple,iPhone 15 , Black,128GB,70990
Apple,iPhone 15 , Blue,128GB,70990
Apple,iPhone 15 , Black,256GB,81990
vivo,Y17s , Forest Green,4GB RAM,10499
vivo,Y17s , Glitter Purple,4GB RAM,10499
Apple,iPhone 15 , Blue,256GB,81990
OnePlus,Nord CE 3 5G , Grey,8GB,24999
OnePlus,Nord CE 3 Lite 5G , Chromatic Gray,8GB RAM,19999
Apple,iPhone 15 Plus , Black,128GB,81490
Apple,iPhone 15 Plus , Blue,128GB,81490
Apple,iPhone 15 , Pink,256GB,81990
Apple,iPhone 15 , Green,256GB,81990
vivo,Y28 5G , Crystal Purple,4GB RAM,13999
Apple,iPhone 15 , Green,128GB,70990
OnePlus,Nord CE3 5G , Aqua Surge,8GB RAM,24999
Apple,iPhone 15 , Pink,128GB,70990
Apple,iPhone 15 Plus , Blue,256GB,92990
Apple,iPhone 15 Plus , Pink,128GB,81490
realme,C53 , Champion Gold,4GB RAM,8999
OnePlus,Nord CE 3 Lite 5G , Pastel Lime,8GB RAM,19999
vivo,T2x 5G , Glimmer Black,6GB RAM,12999
Apple,iPhone 15 , Black,128GB,70990
Apple,iPhone 15 , Blue,128GB,70990
Apple,iPhone 15 , Black,256GB,81990
vivo,Y17s , Forest Green,4GB RAM,10499
vivo,Y17s , Glitter Purple,4GB RAM,10499
Apple,iPhone 15 , Blue,256GB,81990
OnePlus,Nord CE 3 5G , Grey,8GB,24999
OnePlus,Nord CE 3 Lite 5G , Chromatic Gray,8GB RAM,19999
Apple,iPhone 15 Plus , Black,128GB,81490
Apple,iPhone 15 Plus , Blue,128GB,81490
Apple,iPhone 15 , Pink,256GB,81990
Apple,iPhone 15 , Green,256GB,81990
vivo,Y28 5G , Crystal Purple,4GB RAM,13999
Apple,iPhone 15 , Green,128GB,70990
OnePlus,Nord CE3 5G , Aqua Surge,8GB RAM,24999
Apple,iPhone 15 , Pink,128GB,70990
Apple,iPhone 15 Plus , Blue,256GB,92990
Apple,iPhone 15 Plus , Pink,128GB,81490
realme,C53 , Champion Gold,4GB RAM,8999
OnePlus,Nord CE 3 Lite 5G , Pastel Lime,8GB RAM,19999
vivo,T2x 5G , Glimmer Black,6GB RAM,12999
Apple,iPhone 15 , Black,128GB,70990
Apple,iPhone 15 , Blue,128GB,70990
Apple,iPhone 15 , Black,256GB,81990
vivo,Y17s , Forest Green,4GB RAM,10499
vivo,Y17s , Glitter Purple,4GB RAM,10499
Apple,iPhone 15 , Blue,256GB,81990
OnePlus,Nord CE 3 5G , Grey,8GB,24999
OnePlus,Nord CE 3 Lite 5G , Chromatic Gray,8GB RAM,19999
Apple,iPhone 15 Plus , Black,128GB,81490
Apple,iPhone 15 Plus , Blue,128GB,81490
Apple,iPhone 15 , Pink,256GB,81990
Apple,iPhone 15 , Green,256GB,81990
vivo,Y28 5G , Crystal Purple,4GB RAM,13999
Apple,iPhone 15 , Green,128GB,70990
OnePlus,Nord CE3 5G , Aqua Surge,8GB RAM,24999
Apple,iPhone 15 , Pink,128GB,70990
Apple,iPhone 15 Plus , Blue,256GB,92990
Apple,iPhone 15 Plus , Pink,128GB,81490
realme,C53 , Champion Gold,4GB RAM,8999
OnePlus,Nord CE 3 Lite 5G , Pastel Lime,8GB RAM,19999
vivo,T2x 5G , Glimmer Black,6GB RAM,12999
Apple,iPhone 15 , Black,128GB,70990
Apple,iPhone 15 , Blue,128GB,70990
Apple,iPhone 15 , Black,256GB,81990
vivo,Y17s , Forest Green,4GB RAM,10499
vivo,Y17s , Glitter Purple,4GB RAM,10499
Apple,iPhone 15 , Blue,256GB,81990
OnePlus,Nord CE 3 5G , Grey,8GB,24999
OnePlus,Nord CE 3 Lite 5G , Chromatic Gray,8GB RAM,19999
Apple,iPhone 15 Plus , Black,128GB,81490
Apple,iPhone 15 Plus , Blue,128GB,81490
Apple,iPhone 15 , Pink,256GB,81990
Apple,iPhone 15 , Green,256GB,81990
vivo,Y28 5G , Crystal Purple,4GB RAM,13999
Apple,iPhone 15 , Green,128GB,70990
OnePlus,Nord CE3 5G , Aqua Surge,8GB RAM,24999
Apple,iPhone 15 , Pink,128GB,70990
Apple,iPhone 15 Plus , Blue,256GB,92990
Apple,iPhone 15 Plus , Pink,128GB,81490
realme,C53 , Champion Gold,4GB RAM,8999
OnePlus,Nord CE 3 Lite 5G , Pastel Lime,8GB RAM,19999
vivo,T2x 5G , Glimmer Black,6GB RAM,12999
Apple,iPhone 15 , Black,128GB,70990
Apple,iPhone 15 , Blue,128GB,70990
Apple,iPhone 15 , Black,256GB,81990
vivo,Y17s , Forest Green,4GB RAM,10499
vivo,Y17s , Glitter Purple,4GB RAM,10499
Apple,iPhone 15 , Blue,256GB,81990
OnePlus,Nord CE 3 5G , Grey,8GB,24999
OnePlus,Nord CE 3 Lite 5G , Chromatic Gray,8GB RAM,19999
Apple,iPhone 15 Plus , Black,128GB,81490
Apple,iPhone 15 Plus , Blue,128GB,81490
Apple,iPhone 15 , Pink,256GB,81990
Apple,iPhone 15 , Green,256GB,81990
vivo,Y28 5G , Crystal Purple,4GB RAM,13999
Apple,iPhone 15 , Green,128GB,70990
OnePlus,Nord CE3 5G , Aqua Surge,8GB RAM,24999
Apple,iPhone 15 , Pink,128GB,70990
Apple,iPhone 15 Plus , Blue,256GB,92990
Apple,iPhone 15 Plus , Pink,128GB,81490
realme,C53 , Champion Gold,4GB RAM,8999
OnePlus,Nord CE 3 Lite 5G , Pastel Lime,8GB RAM,19999
vivo,T2x 5G , Glimmer Black,6GB RAM,12999
Apple,iPhone 15 , Black,128GB,70990
Apple,iPhone 15 , Blue,128GB,70990
Apple,iPhone 15 , Black,256GB,81990
vivo,Y17s , Forest Green,4GB RAM,10499
vivo,Y17s , Glitter Purple,4GB RAM,10499
Apple,iPhone 15 , Blue,256GB,81990
OnePlus,Nord CE 3 5G , Grey,8GB,24999
OnePlus,Nord CE 3 Lite 5G , Chromatic Gray,8GB RAM,19999
Apple,iPhone 15 Plus , Black,128GB,81490
Apple,iPhone 15 Plus , Blue,128GB,81490
Apple,iPhone 15 , Pink,256GB,81990
Apple,iPhone 15 , Green,256GB,81990
vivo,Y28 5G , Crystal Purple,4GB RAM,13999
Apple,iPhone 15 , Green,128GB,70990
OnePlus,Nord CE3 5G , Aqua Surge,8GB RAM,24999
Apple,iPhone 15 , Pink,128GB,70990
Apple,iPhone 15 Plus , Blue,256GB,92990
Apple,iPhone 15 Plus , Pink,128GB,81490
realme,C53 , Champion Gold,4GB RAM,8999
OnePlus,Nord CE 3 Lite 5G , Pastel Lime,8GB RAM,19999
vivo,T2x 5G , Glimmer Black,6GB RAM,12999
Apple,iPhone 15 , Black,128GB,70990
Apple,iPhone 15 , Blue,128GB,70990
Apple,iPhone 15 , Black,256GB,81990
vivo,Y17s , Forest Green,4GB RAM,10499
vivo,Y17s , Glitter Purple,4GB RAM,10499
Apple,iPhone 15 , Blue,256GB,81990
OnePlus,Nord CE 3 5G , Grey,8GB,24999
OnePlus,Nord CE 3 Lite 5G , Chromatic Gray,8GB RAM,19999
Apple,iPhone 15 Plus , Black,128GB,81490
Apple,iPhone 15 Plus , Blue,128GB,81490
Apple,iPhone 15 , Pink,256GB,81990
Apple,iPhone 15 , Green,256GB,81990
vivo,Y28 5G , Crystal Purple,4GB RAM,13999
Apple,iPhone 15 , Green,128GB,70990
OnePlus,Nord CE3 5G , Aqua Surge,8GB RAM,24999
Apple,iPhone 15 , Pink,128GB,70990
Apple,iPhone 15 Plus , Blue,256GB,92990
Apple,iPhone 15 Plus , Pink,128GB,81490
realme,C53 , Champion Gold,4GB RAM,8999
OnePlus,Nord CE 3 Lite 5G , Pastel Lime,8GB RAM,19999
