ID,Phone Name,Model,Color,Storage,Price
1,Samsung,Galaxy A15 5G , Light Blue,128GB ,17999
2,Samsung,Galaxy A15 5G , Blue,128GB ,17999
3,Samsung,Galaxy A15 5G , Blue Black,128GB ,17999
4,Oneplus,12R 5G , Iron Gray,128GB ,39999
5,Oneplus,12R 5G , Cool Blue,128GB ,39999
6,Vivo,Y200 5G , Jungle Green,256GB ,23999
7,Vivo,Y200 5G , Desert Gold,256GB ,23999
8,OnePlus,12 5G , Silky Black,512GB ,69999
9,OnePlus,12 5G , Flowy Emerald,256GB ,64999
10,OnePlus,12 5G , Silky Black,256GB ,64999
11,Realme,12 Pro 5G , Navigator Beige,256GB ,26999
12,Realme,12 Pro 5G , Submarine Blue,256GB ,26999
13,Realme,12 Pro Plus 5G , Submarine Blue,256GB ,33999
14,Realme,12 Pro Plus 5G , Navigator Beige,256GB ,33999
15,Realme,12 Pro Plus 5G , Submarine Blue,128GB ,29999
16,Oppo,Reno 11 5G , Wave Green,256GB ,31999
17,Oppo,Reno 11 5G , Rock Grey,256GB ,31999
18,Samsung,Galaxy S24 Plus 5G , Cobalt Violet,512GB ,109999
19,Samsung,Galaxy S24 5G , Onyx Black,512GB ,89999
20,Samsung,Galaxy S24 5G , Cobalt Violet,512GB ,89999
21,Samsung,Galaxy S24 5G , Cobalt Violet,256GB ,79999
22,Samsung,Galaxy S24 5G , Amber Yellow,256GB ,79999
23,Samsung,Galaxy S24 5G , Amber Yellow,512GB ,89999
24,Samsung,Galaxy S24 5G , Onyx Black,256GB ,79999
25,Samsung,Galaxy S24 Plus 5G , Onyx Black,256GB ,99999
26,Samsung,Galaxy S24 Plus 5G , Onyx Black,512GB ,109999
27,Samsung,Galaxy S24 Ultra 5G , Titanium Violet,512GB ,139999
28,Samsung,Galaxy S24 Ultra 5G , Titanium Gray,512GB ,139999
29,Samsung,Galaxy S24 Ultra 5G , Titanium Violet,256GB ,129999
30,Samsung,Galaxy S24 Ultra 5G , Titanium Gray,256GB ,129999
31,Samsung,Galaxy S24 Ultra 5G , Titanium Black,256GB ,129999
32,Samsung,Galaxy S24 Ultra 5G , Titanium Black,512GB ,139999
33,Samsung,Galaxy S24 Ultra 5G , Titanium Gray,1TB ,159999
34,Oppo,Reno 11 5G , Wave Green,128GB ,29999
35,Oppo,Reno 11 5G , Rock Grey,128GB ,29999
36,Oppo,Reno 11 Pro 5G , Rock Grey,256GB ,39999
37,Oppo,Reno 11 Pro 5G , Pearl White,256GB ,39999
38,Samsung,Galaxy A14 5G , Light Green,128GB ,14499
39,Samsung,Galaxy A14 5G , Black,128GB ,14499
40,Samsung,Galaxy A14 5G , Dark Red,128GB ,14499
41,Samsung,Galaxy A15 5G , Light Blue,128GB ,17999
42,Samsung,Galaxy A15 5G , Blue,128GB ,17999
43,Samsung,Galaxy A15 5G , Blue Black,128GB ,17999
44,Oneplus,12R 5G , Iron Gray,128GB ,39999
45,Oneplus,12R 5G , Cool Blue,128GB ,39999
46,Vivo,Y200 5G , Jungle Green,256GB ,23999
47,Vivo,Y200 5G , Desert Gold,256GB ,23999
48,OnePlus,12 5G , Silky Black,512GB ,69999
49,OnePlus,12 5G , Flowy Emerald,256GB ,64999
50,OnePlus,12 5G , Silky Black,256GB ,64999
51,Realme,12 Pro 5G , Navigator Beige,256GB ,26999
52,Realme,12 Pro 5G , Submarine Blue,256GB ,26999
53,Realme,12 Pro Plus 5G , Submarine Blue,256GB ,33999
54,Realme,12 Pro Plus 5G , Navigator Beige,256GB ,33999
55,Realme,12 Pro Plus 5G , Submarine Blue,128GB ,29999
56,Oppo,Reno 11 5G , Wave Green,256GB ,31999
57,Oppo,Reno 11 5G , Rock Grey,256GB ,31999
58,Samsung,Galaxy S24 Plus 5G , Cobalt Violet,512GB ,109999
59,Samsung,Galaxy S24 5G , Onyx Black,512GB ,89999
60,Samsung,Galaxy S24 5G , Cobalt Violet,512GB ,89999
61,Samsung,Galaxy S24 5G , Cobalt Violet,256GB ,79999
62,Samsung,Galaxy S24 5G , Amber Yellow,256GB ,79999
63,Samsung,Galaxy S24 5G , Amber Yellow,512GB ,89999
64,Samsung,Galaxy S24 5G , Onyx Black,256GB ,79999
65,Samsung,Galaxy S24 Plus 5G , Onyx Black,256GB ,99999
66,Samsung,Galaxy S24 Plus 5G , Onyx Black,512GB ,109999
67,Samsung,Galaxy S24 Ultra 5G , Titanium Violet,512GB ,139999
68,Samsung,Galaxy S24 Ultra 5G , Titanium Gray,512GB ,139999
69,Samsung,Galaxy S24 Ultra 5G , Titanium Violet,256GB ,129999
70,Samsung,Galaxy S24 Ultra 5G , Titanium Gray,256GB ,129999
71,Samsung,Galaxy S24 Ultra 5G , Titanium Black,256GB ,129999
72,Samsung,Galaxy S24 Ultra 5G , Titanium Black,512GB ,139999
73,Samsung,Galaxy S24 Ultra 5G , Titanium Gray,1TB ,159999
74,Oppo,Reno 11 5G , Wave Green,128GB ,29999
75,Oppo,Reno 11 5G , Rock Grey,128GB ,29999
76,Oppo,Reno 11 Pro 5G , Rock Grey,256GB ,39999
77,Oppo,Reno 11 Pro 5G , Pearl White,256GB ,39999
78,Samsung,Galaxy A14 5G , Light Green,128GB ,14499
79,Samsung,Galaxy A14 5G , Black,128GB ,14499
80,Samsung,Galaxy A14 5G , Dark Red,128GB ,14499
81,Vivo,Y28 5G , Crystal Purple,128GB ,13999
82,Vivo,Y28 5G , Glitter Aqua,128GB ,13999
83,Vivo,Y28 5G , Glitter Aqua,128GB ,16999
84,Vivo,Y28 5G , Crystal Purple,128GB ,16999
85,Vivo,Y28 5G , Glitter Aqua,128GB ,15499
86,Vivo,Y28 5G , Crystal Purple,128GB ,15499
87,Itel,A05s , Nebula Black,64GB ,6199
88,Itel,A05s , Meadow Green,64GB ,6199
89,Vivo,X100 Pro 5G , Asteriod Black,512GB ,89999
90,Vivo,X100 5G , Asteriod Black,512GB ,69999
91,Vivo,X100 5G , Asteriod Black,256GB ,63999
92,Vivo,X100 5G , Stargaze Blue,256GB ,63999
93,Vivo,X100 5G , Stargaze Blue,512GB ,69999
94,Tecno,Camon 20s Pro 5G , Serenity Blue,256GB ,21999
95,Redmi,Note 13 Pro Plus 5G , Fusion Black,256GB ,31999
96,Redmi,Note 13 Pro Plus 5G , Fusion Black,256GB ,33999
97,Redmi,Note 13 Pro Plus 5G ,Fusion White,512GB ,35999
98,Redmi,Note 13 Pro Plus 5G , Fusion Purple,256GB ,31999
99,Redmi,Note 13 Pro Plus 5G , Fusion Purple,256GB ,33999
100,Redmi,Note 13 Pro Plus 5G , Fusion Black,512GB ,35999
101,Redmi,Note 13 Pro Plus 5G , Fusion White,256GB ,33999
102,Redmi,Note 13 Pro Plus 5G , Fusion White,256GB ,31999
103,Redmi,Note 13 Pro Plus 5G , Fusion Purple,512GB ,35999
104,Redmi,Note 13 Pro 5G ,Midnight Black,256GB,29999
105,Redmi,Note 13 Pro 5G , Coral Purple,128GB ,25999
106,Redmi,Note 13 Pro 5G , Coral Purple,256GB ,27999
107,Redmi,Note 13 Pro 5G , Midnight Black,256GB ,27999
108,Redmi,Note 13 Pro 5G , Coral Purple,256GB ,29999
109,Redmi,Note 13 Pro 5G , Arctic White,128GB ,25999
110,Redmi,Note 13 Pro 5G , Arctic White,256GB ,29999
111,Redmi,Note 13 Pro 5G , Arctic White,256GB ,27999
112,Redmi,Note 13 Pro 5G , Midnight Black,128GB ,25999
113,Redmi,Note 13 5G , Arctic White,256GB ,19999
114,Redmi,Note 13 5G , Arctic White,256GB ,21999
115,Redmi,Note 13 5G , Prism Gold,128GB ,17999
116,Redmi,Note 13 5G , Prism Gold,256GB ,19999
117,Redmi,Note 13 5G , Arctic White,128GB ,17999
118,Redmi,Note 13 5G , Stealth Black,256GB ,21999
119,Redmi,Note 13 5G , Stealth Black,128GB ,17999
120,Redmi,Note 13 5G , Stealth Black,256GB ,19999
121,Redmi,Note 13 5G , Prism Gold,256GB ,21999
122,Vivo,V29e 5G , Artistic Red,256GB ,28999
123,Vivo,V29e 5G , Artistic Red,128GB ,26999
124,Vivo,V29e 5G , Artistic Blue,256GB ,28999
125,Vivo,V29e 5G , Artistic Blue,128GB ,26999
126,Samsung,Galaxy A25 5G , Yellow,128GB ,26999
127,Samsung,Galaxy A25 5G , Yellow,256GB ,29999
128,Samsung,Galaxy A25 5G , Blue,256GB ,29999
129,Samsung,Galaxy A25 5G , Blue Black,128GB ,26999
130,Samsung,Galaxy A25 5G , Blue Black,256GB ,29999
131,Samsung,Galaxy A25 5G , Blue,128GB ,26999
132,Samsung,Galaxy A15 5G , Light Blue,128GB ,19499
133,Samsung,Galaxy A15 5G , Light Blue,256GB ,22499
134,Samsung,Galaxy A15 5G , Blue Black,256GB ,22499
135,Samsung,Galaxy A15 5G , Blue,128GB ,19499
136,Samsung,Galaxy A15 5G , Blue Black,128GB ,19499
137,Samsung,Galaxy A15 5G , Blue,256GB ,22499
138,Vivo,Y17s , Forest Green,128GB ,11499
139,Vivo,Y17s , Glitter Purple,64GB ,10499
140,Vivo,Y17s , Glitter Purple,128GB ,11499
141,Vivo,Y17s , Forest Green,64GB ,10499
142,Vivo,T2 Pro 5G , Dune Gold,128GB ,23999
143,Vivo,T2 Pro 5G , Dune Gold,256GB ,24999
144,Vivo,T2 Pro 5G , New Moon Black,256GB ,24999
145,Vivo,T2 Pro 5G , New Moon Black,128GB ,23999
146,Samsung,Galaxy A05 , Black,64GB ,9999
147,Samsung,Galaxy A05 , Silver,128GB ,12499
148,Samsung,Galaxy A05 , Black,128GB ,12499
149,Samsung,Galaxy A05 , Light Green,64GB ,9999
150,Samsung,Galaxy A05 , Light Green,128GB ,12499
151,Samsung,Galaxy A05 , Silver,64GB ,9999
152,Oppo,A59 5G , Starry Black,128GB ,13999
153,Oppo,A59 5G , Silk Gold,128GB ,13999
154,Tecno,Camon 20s Pro 5G , Serenity Blue,128GB ,19999
155,Tecno,Camon 20s Pro 5G , Dark Welkin,128GB ,19999
156,Oppo,A59 5G , Starry Black,128GB ,15499
157,Oppo,A59 5G , Silk Gold,128GB ,15499
158,Redmi,13C 5G , Startrail Silver,128GB ,12499
159,Redmi,13C 5G , Startrail Silver,256GB ,14499
160,Redmi,13C 5G , Startrail Green,128GB ,12499
161,Redmi,13C 5G , Starlight Black,256GB ,14499
162,Redmi,13C 5G , Starlight Black,128GB ,12499
163,Redmi,13C 5G , Startrail Green,256GB ,14499
164,Realme,C67 5G , Sunny Oasis,128GB ,14499
165,Realme,C67 5G , Sunny Oasis,128GB ,12999
166,Realme,C67 5G , Dark Purple,128GB ,12999
167,Realme,C67 5G , Dark Purple,128GB ,14499
168,Tecno,Spark GO 2024 , Magic Skin Green,64GB ,6799
169,Tecno,Spark GO 2024 , Mystery White,64GB ,6799
170,Tecno,Spark GO 2024 , Gravity Black,64GB ,6799
171,Samsung,Galaxy A05s , Black,128GB ,11499
172,Samsung,Galaxy A05s , Light Violet,128GB ,11499
173,Samsung,Galaxy A05s , Light Green,128GB ,11499
174,Vivo,Y27 , Sea Blue,128GB ,11999
175,Oppo,A79 5G ,Mystery Black,128GB,18999
176,Oppo,A79 5G , Glowing Green,128GB ,18999
177,Samsung,Galaxy A05s , Light Violet,128GB ,12999
178,Samsung,Galaxy A05s , Light Green,128GB ,12999
179,Samsung,Galaxy A05s , Black,128GB ,12999
180,Vivo,Y200 5G , Jungle Green,128GB ,21999
181,Vivo,Y200 5G , Desert Gold,128GB ,21999
182,Oppo,A18 , Glowing Black,128GB ,10499
183,Oppo,A18 , Glowing Blue,128GB ,10499
184,Realme,C51 , Carbon Black,128GB ,8999
185,Realme,C51 , Mint Green,128GB ,8999
186,Oppo,Find N3 Flip 5G , Cream Gold,256GB ,90998
187,Oppo,Find N3 Flip 5G , Sleek Black,256GB ,90998
188,Nokia,C32 , Charcoal,128GB ,8999
189,Nokia,C32 , Beach Pink,128GB ,8999
190,Nokia,C32 , Breezy Mint,128GB ,8999
191,Nokia,G42 5G , So Grey,256GB ,16999
192,Nokia,G42 5G , So Pink,256GB ,16999
193,Nokia,G42 5G , So Purple,256GB ,16999
194,Itel,P40 , Luxurious Gold,128GB ,7499
195,Itel,P40 , Force Black,128GB ,7499
196,Samsung,Galaxy S23 FE 5G , Mint,128GB ,54999
197,Samsung,Galaxy S23 FE 5G , Graphite,256GB ,59999
198,Samsung,Galaxy S23 FE 5G , Mint,256GB ,59999
199,Samsung,Galaxy S23 FE 5G , Purple,128GB ,54999
200,Samsung,Galaxy S23 FE 5G , Graphite,128GB ,54999
201,Oppo,A18 , Glowing Black,64GB ,9999
202,Tecno,Phantom V Flip 5G , Iconic Black,256GB ,54999
203,Tecno,Phantom V Flip 5G , Mystic Dawn,256GB ,54999
204,Itel,S23 , Mystery White,128GB ,7999
205,Itel,S23 , Starry Black,128GB ,7999
206,Oppo,A18 , Glowing Blue,64GB ,9999
207,Vivo,V29 Pro 5G , Himalayan Blue,256GB ,39999
208,Vivo,V29 Pro 5G , Himalayan Blue,256GB ,42999
209,Vivo,V29 Pro 5G , Space Black,256GB ,42999
210,Vivo,V29 Pro 5G , Space Black,256GB ,39999
211,Vivo,Y56 5G , Black Engine,128GB ,15999
212,Vivo,Y56 5G , Orange Shimmer,128GB ,15999
213,Vivo,V29 5G , Himalayan Blue,256GB ,36999
214,Vivo,V29 5G , Himalayan Blue,128GB ,32999
215,Vivo,V29 5G , Majestic Red,256GB ,36999
216,Vivo,V29 5G , Majestic Red,128GB ,32999
217,Vivo,V29 5G , Space Black,128GB ,32999
218,Vivo,V29 5G , Space Black,256GB ,36999
219,Samsung,Galaxy A54 5G , Awesome White,256GB ,37499
220,Oppo,A38 , Glowing Black,128GB ,10999
221,Oppo,A38 , Glowing Gold,128GB ,10999
222,Redmi,A2 , Sea Green,64GB ,6799
223,Redmi,A2 , Aqua Blue,64GB ,6799
224,Redmi,A2 , Classic Black,64GB ,6799
225,Realme,C51 , Mint Green,64GB ,8999
226,Samsung,Galaxy S21 FE 5G SD , Graphite,256GB ,41999
227,Samsung,Galaxy S21 FE 5G SD , Lavender,256GB ,41999
228,Samsung,Galaxy S21 FE 5G SD , Olive,256GB ,41999
229,Samsung,Galaxy S21 FE 5G SD , Navy,256GB ,41999
230,Redmi,A2 Plus , Aqua Blue,128GB ,7799
231,Redmi,A2 Plus , Classic Black,128GB ,7799
232,Realme,11 5G , Glory Black.8GB-256GB ,0,19999
233,Realme,11 5G , Glory Gold,256GB ,19999
234,Nokia,C12 Pro , Purple,64GB ,7299
235,Tecno,Camon 20 Pro 5G , Serenity Blue,256GB ,21999
236,Oppo,A58 , Glowing Black,128GB ,12999
237,Oppo,A58 , Dazzling Green,128GB ,12999
238,Tecno,Spark Go 2023 , Nebula Purple,32GB ,6499
239,Redmi,12 5G , Pastel Blue,256GB ,14999
240,Redmi,12 5G , Moonstone Silver,256GB ,14999
241,Redmi,12 5G , Jade Black,256GB ,14999
242,Redmi,12 5G , Pastel Blue,128GB ,12999
243,Redmi,12 5G , Moonstone Silver,128GB ,12999
244,Redmi,12 5G , Jade Black,128GB ,12999
245,Redmi,12, Pastel Blue,128GB ,10999
246,Redmi,12, Jade Black,128GB ,10999
247,Redmi,12, Moonstone Silver,128GB ,10999
248,Redmi,Note 12 5G , Sunrise Gold,128GB ,16999
249,Oppo,A78 4G , Aqua Green,128GB ,15499
250,Oppo,A78 4G , Mist Black,128GB ,15499
251,Samsung,Galaxy Z Fold 5 5G , Icy Blue,256GB ,154999
252,Samsung,Galaxy Z Fold 5 5G , Phantom Black,256GB ,154999
253,Samsung,Galaxy Z Fold 5 5G , Cream,256GB ,154999
254,Samsung,Galaxy Z Flip 5 5G , Graphite,512GB ,109999
255,Samsung,Galaxy Z Flip 5 5G , Cream,512GB ,109999
256,Samsung,Galaxy Z Flip 5 5G , Mint,512GB ,109999
257,Samsung,Galaxy Z Flip 5 5G , Lavender,256GB ,99999
258,Samsung,Galaxy Z Flip 5 5G , Graphite,256GB ,99999
259,Samsung,Galaxy Z Flip 5 5G , Cream,256GB ,99999
260,Samsung,Galaxy Z Flip 5 5G , Mint,256GB ,99999
261,Vivo,Y27 , Burgundy Black,128GB ,11999
262,Vivo,Y27 , Garden Green,128GB ,11999
263,Oppo,Reno 10 5G ,Silvery Grey,256GB,32999
264,Oppo,Reno 10 5G ,Ice Blue,256GB,32999
265,OnePlus,Nord 3 5G ,Tempest Grey,128GB,33999
266,Oppo,Reno 10 Pro 5G , Silvery Grey,256GB ,37999
267,Oppo,Reno 10 Pro 5G , Glossy Purple,256GB ,37999
268,Oppo,Reno 10 Pro Plus 5G , Silvery Grey,256GB ,54999
269,Oppo,Reno 10 Pro Plus 5G , Glossy Purple,256GB ,54999
270,Tecno,Spark 9T , Atlantic Blue,64GB ,7999
271,Realme,C53 , Champion Black,128GB ,8999
272,Realme,C53 , Champion Gold,128GB ,8999
273,Tecno,Camon 20 Pro 5G , Serenity Blue,128GB ,19999
274,Nokia,C32 , Breezy Mint,128GB ,7999
275,Vivo,Y02t , Cosmic Gray,64GB ,8499
276,Realme,11 Pro 5G , Astral Black,256GB ,27999
277,Realme,11 Pro 5G , Sunrise Beige,256GB ,24999
278,Tecno,Spark Go 2023 , Orange,64GB ,6999
279,Realme,11 Pro Plus 5G , Sunrise Beige,256GB ,29999
280,Nokia,C22 , Charcoal,64GB ,8799
281,Vivo,Y36 , Vibrant Gold,128GB ,14999
282,Tecno,Camon 20 , Predawn Black,256GB ,12999
283,Realme,11 Pro 5G, Oasis Green,128GB,23999
284,Vivo,Y100A 5G , Pacific Blue,128GB ,20999
285,Realme,C55 , Rainforest,64GB ,9999
286,Nokia,C22 , Sand,64GB ,8799
287,Oppo,F23 5G , Cool Black,256GB ,22999
288,Vivo,Y22 , Starlit Blue,128GB ,12499
289,Redmi,Note 12 5G , Matte Black,256GB ,18999
290,Samsung,Galaxy A34 5G , Awesome Violet,256GB ,26499
291,Redmi,A2 Plus , Sea Green,64GB ,7499
292,Vivo,Y02t , Sunset Gold,64GB ,8499
293,Nokia,C12 Pro , Charcoal,64GB ,7999
294,Vivo,Y22 , Metaverse Green,128GB ,12499
295,Redmi,A2 , Aqua Blue,64GB ,5999
296,Realme,11 Pro 5G , Sunrise Beige,256GB ,27999
297,Vivo,Y36 , Meteor Black,128GB ,14999
298,Redmi,Note 12 5G , Frosted Green,256GB ,18999
299,Nokia,C12 Pro , Light Mint,64GB ,7999
300,Nokia,C22 , Purple,64GB ,8799
301,Tecno,Spark 10 , Meta Blue,128GB ,9999
302,Samsung,Galaxy A14 , Light Green,64GB ,11999
303,Nokia,C12 Pro , Dark Cyan,64GB ,7999
304,Oppo,F23 5G , Bold Gold,256GB ,22999
305,Redmi,12C , Matte Black,128GB ,7799
306,Nokia,C32 , Charcoal,64GB ,7499
307,Realme,C55 , Rianforest,128GB ,13999
308,Tecno,Spark 10 , Meta Black,128GB ,9999
309,Vivo,Y100A 5G , Twilight Gold,128GB ,20999
310,Vivo,T2x 5G , Marine Blue,128GB ,12999
311,Redmi,A2 Plus , Classic Black,64GB ,7499
312,Vivo,T2x 5G , Glimmer Black,128GB ,14999
313,Tecno,Camon 20 , Serenity Blue,256GB ,12999
314,Tecno,Camon 20 , Art Edition,256GB ,12999
315,Vivo,T2x 5G , Aurora Gold,128GB ,12999
316,Tecno,Camon 20 Pro 5G , Dark Welkin,128GB,19999
317,Tecno,Camon 20 , Glacier Glow,256GB ,12999
318,Nokia,C32 , Charcoal,128GB ,7999
319,Tecno,Spark 10 , Magic Skin Orange,128GB ,9999
320,Samsung,Galaxy A14 , Black,64GB ,11999
321,Tecno,Spark Go 2023 , Uyuni Blue,32GB ,6499
322,Samsung,Galaxy A14 , Silver,64GB ,11999
323,Nokia,C32 , Beach Pink,128GB ,7999
324,Tecno,Spark Go 2023 , Nebula Purple,64GB ,6999
325,Vivo,X90 5G , Breeze Blue,256GB ,59999
326,Vivo,X90 Pro 5G , Legendary Black,256GB ,69999
327,Vivo,X90 5G , Breeze Blue,256GB ,55999
328,Vivo,X90 5G , Asteriod Black,256GB ,55999
329,Samsung,Galaxy A34 5G ,Awesome Lime,256GB,26499
330,Vivo,X90 5G, Asteriod Black,256GB ,59999
331,Itel,P40 , Luxurious Gold,64GB ,6799
332,Tecno,Spark 10 5G , Meta Blue,128GB ,13999
333,Redmi,Note 12 , Lunar Black,128GB ,13999
334,Redmi,Note 12 , Sunrise Gold,64GB ,10999
335,Vivo,V27 5G ,Noble Black,128GB,29999
336,Realme,C55 , Rainy Night,128GB ,13999
337,Vivo,Y56 5G , Black Engine,128GB ,17999
338,Nokia,C12 Pro , Charcoal,64GB ,7299
339,Nokia,C12 Pro , Dark Cyan,64GB ,7299
340,Redmi,Note 12 , Ice Blue,64GB ,10999
341,Redmi,Note 12 , Lunar Black,64GB ,10999
342,Samsung,Galaxy S23 Ultra 5G , Green,256GB ,109999
343,Redmi,Note 12 , Ice Blue,128GB ,13999
344,Vivo,V27 Pro 5G , Magic Blue,256GB ,38999
345,Nokia,C12 Pro , Light Mint,64GB ,7299
346,Vivo,V27 Pro 5G , Magic Blue,256GB ,36999
347,Samsung,Galaxy S23 5G , Cream,128GB ,64999
348,Samsung,Galaxy S23 Ultra 5G , Cream,512GB ,119999
349,Samsung,Galaxy S23 5G , Phantom Black,128GB ,64999
350,Realme,C55 , Sunshower,128GB ,13999
351,Tecno,Spark 10 5G , Meta Black,128GB ,13999
352,Samsung,Galaxy A54 5G , Awesome Violet,256GB ,37499
353,Vivo,V27 Pro 5G , Magic Blue,128GB ,34999
354,Samsung,Galaxy S23 5G , Lavender,128GB ,64999
355,OnePlus,11 5G , Eternal Green,128GB ,56999
356,Vivo,V27 Pro 5G , Noble Black,128GB ,34999
357,Realme,C55 , Rainy Night,64GB ,9999
358,Samsung,Galaxy S23 Ultra 5G , Cream,256GB ,109999
359,Tecno,Spark Go 2023 , Uyuni Blue,64GB ,6999
360,Realme,C55 , Sunshower,64GB ,9999
361,Itel,P40 , Dreamy Blue,64GB ,6799
362,Itel,P40 , Force Black,64GB ,6799
363,Vivo,V27 Pro 5G , Noble Black,256GB ,36999
364,Samsung,Galaxy S23 Ultra 5G , Green,512GB ,119999
365,Samsung,Galaxy A34 5G , Awesome Graphite,256GB ,26499
366,Tecno,Spark 10 5G , Meta White,128GB ,13999
367,Redmi,11 Prime , Flashy Black,64GB ,9499
368,OnePlus,11 5G , Titan Black,128GB ,56999
369,Samsung,Galaxy S23 Ultra 5G , Phantom Black,512GB ,119999
370,Samsung,Galaxy A54 5G , Awesome Graphite,256GB ,37499
371,Samsung,Galaxy A34 5G , Awesome Violet,128GB ,24499
372,Samsung,Galaxy A34 5G , Awesome Lime,128GB ,24499
373,Samsung,Galaxy A34 5G , Awesome Silver,128GB ,24499
374,Vivo,Y56 5G , Orange Shimmer,128GB ,17999
375,Samsung,Galaxy S23 Ultra 5G , Phantom Black,256GB ,109999
376,Samsung,Galaxy S23 5G , Green,128GB ,64999
377,Tecno,Spark Go 2023 , Endless Black,64GB ,6999
378,Vivo,V27 5G ,Magic Blue,128GB,29999
379,Samsung,Galaxy A34 5G , Awesome Graphite,128GB ,24499
380,Samsung,Galaxy A54 5G , Awesome Lime,256GB ,37499
381,Redmi,Note 12 Pro 5G , Onyx Black,256GB ,23999
382,Vivo,V25 5G , Elegant Black,128GB ,25999
383,Samsung,Galaxy A14 5G , Black,128GB ,17999
384,Redmi,Note 12 Pro Plus 5G , Arctic White,256GB ,27999
385,Samsung,Galaxy S23 5G , Black,256GB ,69999
386,OnePlus,10 Pro 5G , Volcanic Black,128GB ,66999
387,Oppo,F21s Pro , Dawnlight Gold,128GB ,19999
388,Vivo,V25 Pro , Sailing Blue,256GB ,36999
389,Oppo,A77 , SunStone Orange,128GB ,14499
390,Redmi,Note 12 Pro 5G , Stardust Purple,128GB ,22999
391,Samsung,Galaxy A14 5G , Light Green,128GB ,15999
392,Samsung,Galaxy S23 5G , Green,256GB ,69999
393,Samsung,Galaxy A14 5G , Light Green,64GB ,13499
394,Oppo,A17K , Blue,64GB ,7999
395,Samsung,Galaxy A14 5G , Dark Red,128GB ,17999
396,Samsung,Galaxy S23 5G , Lavender,256GB ,69999
397,Samsung,Galaxy A14 5G , Dark Red,128GB ,15999
398,Samsung,Galaxy A14 5G , Black,128GB ,15999
399,Samsung,Galaxy A04e , Copper,128GB ,10499
400,Vivo,V25 Pro , Sailing Blue,128GB ,33500
401,Samsung,Galaxy A14 5G , Black,64GB ,13499
402,Redmi,Note 12 5G , Matte Black,128GB ,16999
403,Samsung,Galaxy A04e , Light Blue,128GB ,10499
404,Vivo,Y16 , Drizzling Gold,64GB ,9999
405,Samsung,Galaxy A14 5G , Light Green,128GB ,17999
406,OnePlus,Nord 2T 5G , Jade Fog,128GB ,28999
407,Samsung,Galaxy A04e , Copper,64GB ,8999
408,Oppo,A78 5G , Glowing Blue,128GB ,17999
409,Samsung,Galaxy A23 5G , Orange,128GB ,20999
410,Samsung,Galaxy A23 5G , Light Blue,128GB ,20999
411,Samsung,Galaxy A23 5G , Silver,128GB ,20999
412,Nokia,G21 , Nordic Blue,128GB ,12999
413,Tecno,Phantom X2 Pro 5G , Mars Orange,256GB ,44999
414,Nokia,G21 , Dusk,128GB ,12999
415,Tecno,Phantom X2 5G , Moonlight Silver,256GB ,36999
416,Tecno,Phantom X2 Pro 5G , Stardust Grey,256GB ,44999
417,Tecno,Phantom X2 5G , Stardust Grey,256GB ,36999
418,Samsung,Galaxy A14 5G , Dark Red,64GB ,13499
419,Samsung,Galaxy A23 5G , Silver,128GB ,22999
420,Oppo,A78 5G , Glowing Black,128GB ,17999
421,Samsung,Galaxy A23 5G , Light Blue,128GB ,22999
422,Nokia,G11 Plus , Charcoal Grey,64GB ,7999
423,Xiaomi,11 Lite NE 5G , Jazz Blue,128GB ,28999
424,Realme,10 4G , Clash White,128GB ,15999
425,Redmi,Note 12 Pro Plus 5G , Obsidian Black,256GB ,27999
426,Realme,9i 5G , Rocking Black,64GB ,13999
427,Realme,C30s , Stripe Black,64GB ,8499
428,Realme,9i 5G , Metallica Golden,64GB ,13999
429,Realme,C30s , Stripe Blue,64GB ,8499
430,Oppo,A77s , Starry Black,128GB ,14999
431,Samsung,Galaxy A04e , Light Blue,64GB ,8999
432,Oppo,A57 , Glowing Green,64GB ,9999
433,Vivo,Y16 , Stellar Black,64GB ,9999
434,Vivo,V25 Pro , Pure Black,128GB ,33500
435,Nokia,G21 , Nordic Blue,64GB ,12999
436,Oneplus,10R 5G , Forest Green,128GB ,34999
437,OnePlus,10 Pro 5G , Emerald Forest,128GB ,66999
438,Oppo,F21s Pro , Starlight Black,128GB ,19999
439,Realme,C30s , Stripe Blue,32GB ,6999
440,Realme,9i 5G , Metallica Golden,128GB ,15999
441,OnePlus,Nord 2T 5G , Gray Shadow,128GB ,28999
442,SAMSUNG,Galaxy M14 5G ,Smoky Teal, 128 GB,11000
443,Motorola,G34 5G ,Ocean Green, 128 GB,11999
444,Motorola,G34 5G ,Ice Blue, 128 GB,11999
445,POCO,C55 ,Cool Blue, 128 GB,6499
446,POCO,C55 ,Power Black, 128 GB,6499
447,POCO,C55 ,Forest Green, 128 GB,6499
448,Motorola,g54 5G ,Midnight Blue, 128 GB,13999
449,Motorola,G34 5G ,Ocean Green, 128 GB,10999
450,OnePlus,Nord CE 3 Lite 5G ,Chromatic Gray, 256 GB,19558
451,realme,C53 ,Champion Black, 64 GB,8999
452,OnePlus,Nord CE 3 Lite 5G ,Pastel Lime, 256 GB,19608
453,OnePlus,Nord CE 3 Lite 5G ,Chromatic Gray, 128 GB,17925
454,OnePlus,Nord CE 3 Lite 5G ,Pastel Lime, 128 GB,18058
455,realme,C53 ,Champion Gold, 64 GB,8999
456,OnePlus,Nord CE 3 Lite 5G ,Chromatic Gray, 128 GB,18315
457,Motorola,g54 5G ,Pearl Blue, 128 GB,13999
458,vivo,T2x 5G ,Aurora Gold, 128 GB,14999
459,Motorola,g54 5G ,Midnight Blue, 256 GB,15999
460,Motorola,Edge 40 Neo ,Caneel Bay, 128 GB,22999
461,POCO,C51 ,Royal Blue, 64 GB,5499
462,vivo,T2x 5G ,Glimmer Black, 128 GB,12999
463,vivo,T2x 5G ,Marine Blue, 128 GB,12999
464,vivo,T2x 5G ,Aurora Gold, 128 GB,12999
465,realme,11x 5G ,Midnight Black, 128 GB,14999
466,vivo,T2x 5G ,Marine Blue, 128 GB,14999
467,Motorola,G34 5G ,Ocean Green, 128 GB,11999
468,Motorola,G34 5G ,Ice Blue, 128 GB,11999
469,POCO,C55 ,Cool Blue, 128 GB,6499
470,POCO,C55 ,Power Black, 128 GB,6499
471,POCO,C55 ,Forest Green, 128 GB,6499
472,Motorola,g54 5G ,Midnight Blue, 128 GB,13999
473,Motorola,G34 5G ,Ocean Green, 128 GB,10999
474,OnePlus,Nord CE 3 Lite 5G ,Chromatic Gray, 256 GB,19558
475,OnePlus,Nord CE 3 Lite 5G ,Pastel Lime, 256 GB,19608
476,realme,C53 ,Champion Black, 64 GB,8999
477,OnePlus,Nord CE 3 Lite 5G ,Chromatic Gray, 128 GB,18315
478,OnePlus,Nord CE 3 Lite 5G ,Chromatic Gray, 128 GB,17923
479,realme,C53 ,Champion Gold, 64 GB,8999
480,Motorola,g54 5G ,Pearl Blue, 128 GB,13999
481,vivo,T2x 5G ,Aurora Gold, 128 GB,14999
482,Motorola,g54 5G ,Midnight Blue, 256 GB,15999
483,Motorola,Edge 40 Neo ,Caneel Bay, 128 GB,22999
484,POCO,C51 ,Royal Blue, 64 GB,5499
485,vivo,T2x 5G ,Glimmer Black, 128 GB,12999
486,vivo,T2x 5G ,Marine Blue, 128 GB,12999
487,vivo,T2x 5G ,Aurora Gold, 128 GB,12999
488,vivo,T2x 5G ,Marine Blue, 128 GB,14999
489,vivo,T2x 5G ,Glimmer Black, 128 GB,14999
490,vivo,T2x 5G ,Marine Blue, 128 GB,11999
491,SAMSUNG,Galaxy F14 5G ,GOAT Green, 128 GB,13490
492,Infinix,SMART 8 ,Timber Black, 128 GB,8999
493,SAMSUNG,Galaxy F14 5G ,OMG Black, 128 GB,13490
494,REDMI,A2 ,Aqua Blue, 64 GB,5499
495,Motorola,G34 5G ,Ocean Green, 128 GB,10999
496,Motorola,g54 5G ,Midnight Blue, 128 GB,13999
497,POCO,C55 ,Forest Green, 128 GB,6499
498,vivo,T2 5G ,Nitro Blaze, 128 GB,17999
499,Apple,iPhone 15 ,Blue, 128 GB,70999
500,POCO,C65 ,Pastel Blue, 128 GB,7499
501,realme,12 Pro+ 5G ,Navigator Beige, 256 GB,33999
502,Infinix,SMART 8 ,Shiny Gold, 128 GB,8999
503,Motorola,g54 5G ,Mint Green, 128 GB,13999
504,SAMSUNG,Galaxy F14 5G ,GOAT Green, 128 GB,11990
505,Infinix,SMART 8 ,Galaxy White, 128 GB,8999
506,SAMSUNG,Galaxy F04 ,Jade Purple, 64 GB,7999
507,Apple,iPhone 14 ,Blue, 128 GB,56999
508,Motorola,g54 5G ,Pearl Blue, 128 GB,13999
509,OnePlus,Nord CE 3 Lite 5G ,Pastel lime, 256 GB,19532
510,Motorola,g54 5G ,Midnight Blue, 256 GB,15999
511,vivo,T2 5G ,Nitro Blaze, 128 GB,15999
512,Infinix,HOT 30i ,Mirror Black, 64 GB,8399
513,vivo,T2x 5G ,Sunstone Orange, 128 GB,12999
514,Infinix,HOT 30i ,Marigold, 64 GB,8399
515,SAMSUNG,Galaxy F14 5G ,B.A.E. Purple, 128 GB,11990
516,REDMI,12,Pastel Blue, 128 GB,10499
517,OnePlus,Nord CE 3 Lite 5G ,Chromatic Gray, 128 GB,18315
518,Infinix,HOT 30i ,Mirror Black, 128 GB,8299
519,POCO,M6 5G ,Orion Blue, 128 GB,10499
520,vivo,T2x 5G ,Black Gladiator, 128 GB,12999
521,Infinix,HOT 30i ,Diamond White, 128 GB,8299
522,Infinix,HOT 30i ,Diamond White, 64 GB,8399
523,Motorola,Edge 40 Neo ,Caneel Bay, 128 GB,22999
524,POCO,X6 Pro 5G ,Spectre Black, 512 GB,28999
525,Apple,iPhone 13 ,Starlight, 128 GB,52999
526,Infinix,SMART 7 ,Emerald Green, 64 GB,6999
527,POCO,M6 5G ,Orion Blue, 128 GB,9999
528,SAMSUNG,Guru Music 2,0,0,1199
529,REDMI,13C ,Starshine Green, 128 GB,7999
530,POCO,C55 ,Cool Blue, 64 GB,5999
531,POCO,M6 Pro 5G ,Forest Green, 128 GB,10999
532,MOTOROLA,g24 Power ,Ink blue, 128 GB,8999
533,SAMSUNG,Galaxy F14 5G ,B.A.E. Purple, 128 GB,13490
534,realme,12 Pro+ 5G ,Submarine Blue, 256 GB,33999
535,realme,12 Pro+ 5G ,Explorer Red, 256 GB,33999
536,realme,12 Pro 5G ,Navigator Beige, 128 GB,25999
537,POCO,M6 Pro 5G ,Power Black, 128 GB,10999
538,POCO,C65 ,Pastel Green, 128 GB,7499
539,REDMI,13C ,Starfrost White, 128 GB,7999
540,REDMI,12 5G ,Pastel Blue, 128 GB,12999
541,OnePlus,Nord CE 3 Lite 5G ,Pastel lime, 256 GB,19532
542,POCO,C65 ,Pastel Blue, 128 GB,7499
543,Motorola,g54 5G ,Pearl Blue, 256 GB,15999
544,POCO,M6 5G ,Orion Blue, 256 GB,11999
545,POCO,M6 Pro 5G ,Power Black, 256 GB,12999
546,realme,12 Pro 5G ,Submarine Blue, 256 GB,26999
547,POCO,M6 5G ,Galactic Black, 128 GB,9999
548,REDMI,13C ,Stardust Black, 128 GB,7999
549,SAMSUNG,Galaxy F14 5G ,GOAT Green, 128 GB,13490
550,realme,12 Pro+ 5G ,Navigator Beige, 256 GB,31999
551,realme,12 Pro+ 5G ,Explorer Red, 256 GB,31999
552,realme,C53 ,Champion Gold, 128 GB,9499
553,POCO,M6 Pro 5G ,Forest Green, 256 GB,12999
554,SAMSUNG,Galaxy F14 5G ,GOAT Green, 128 GB,11990
555,Motorola,G34 5G ,Charcoal Black, 128 GB,10999
556,Infinix,SMART 8 HD ,Crystal Green, 64 GB,6399
557,Infinix,SMART 8 HD ,Timber Black, 64 GB,6399
558,Infinix,SMART 8 HD ,Galaxy White, 64 GB,6399
559,Infinix,SMART 8 HD ,Shiny Gold, 64 GB,6399
560,realme,12 Pro+ 5G ,Submarine Blue, 128 GB,29999
561,Apple,iPhone 14 ,Midnight, 128 GB,56999
562,Apple,iPhone 14 ,Starlight, 128 GB,56999
563,POCO,M6 Pro 5G ,Power Black, 128 GB,9999
564,Infinix,SMART 8 ,Rainbow Blue, 128 GB,8999
565,Apple,iPhone 14 ,Blue, 128 GB,56999
566,MOTOROLA,g24 Power ,Ink blue, 128 GB,8999
567,Motorola,g84 5G ,Viva Magenta, 256 GB,17999
568,REDMI,Note 13 Pro 5G ,Coral Purple, 128 GB,25999
569,POCO,X6 5G ,Mirror Black, 256 GB,21999
570,Infinix,Note 30 5G ,Magic Black, 128 GB,14999
571,realme,12 Pro+ 5G ,Submarine Blue, 256 GB,31999
572,realme,11 5G ,Glory Black, 256 GB,17999
573,realme,11 5G ,Glory Gold, 256 GB,17999
574,vivo,T2 5G ,Nitro Blaze, 128 GB,17999
575,POCO,X6 Pro 5G ,Spectre Black, 256 GB,26999
576,SAMSUNG,Galaxy F14 5G ,B.A.E. Purple, 128 GB,11990
577,REDMI,12,Pastel Blue, 128 GB,10499
578,POCO,M6 Pro 5G ,Forest Green, 128 GB,9999
579,Infinix,Note 30 5G ,Magic Black, 256 GB,14999
580,Infinix,Note 30 5G ,Sunset Gold, 256 GB,14999
581,Infinix,Note 30 5G ,Interstellar Blue, 256 GB,14999
582,SAMSUNG,Galaxy F14 5G ,OMG Black, 128 GB,13490
583,vivo,T2 5G ,Velocity Wave, 128 GB,15999
584,vivo,T2x 5G ,Sunstone Orange, 128 GB,11999
585,vivo,T2x 5G ,Black Gladiator, 128 GB,11999
586,Infinix,Note 30 5G ,Interstellar Blue, 128 GB,14999
587,Apple,iPhone 15 Plus ,Black, 128 GB,82999
588,Motorola,e13 ,Cosmic Black, 64 GB,6499
589,MOTOROLA,g24 Power ,Ink blue, 128 GB,7999
590,Infinix,Note 30 5G ,Sunset Gold, 128 GB,14999
591,Infinix,Note 30 5G ,Magic Black, 128 GB,14999
592,POCO,M6 Pro 5G ,Forest Green, 256 GB,12999
593,REDMI,13C ,Starfrost White, 128 GB,7999
594,SAMSUNG,Guru Music 2,0,0,1199
595,SAMSUNG,Galaxy F13 ,Waterfall Blue, 64 GB,9999
596,Motorola,g84 5G ,Viva Magenta, 256 GB,17999
597,SAMSUNG,Galaxy S23 5G ,Lavender, 128 GB,64999
598,Motorola,G32 ,Mineral Gray, 128 GB,9999
599,Motorola,G34 5G ,Charcoal Black, 128 GB,11999
600,Motorola,Edge 40 ,Eclipse Black, 256 GB,26999
601,Infinix,SMART 8 ,Galaxy White, 64 GB,7099
602,Motorola,G32 ,Satin Silver, 128 GB,9999
603,realme,Narzo N53 ,Feather Black, 128 GB,11000
604,POCO,X6 Pro 5G ,Yellow, 256 GB,26999
605,SAMSUNG,GURU MUSIC 2,0,0,1267
606,Motorola,e13 ,Creamy White, 64 GB,6499
607,POCO,M6 5G ,Polaris Green, 128 GB,10499
608,Motorola,e13 ,Aurora Green, 64 GB,6499
609,REDMI,12 5G ,Pastel Blue, 256 GB,14999
610,REDMI,Note 12 Pro 5G ,Glacier Blue, 128 GB,21999
611,Apple,iPhone 15 ,Black, 128 GB,70999
612,Motorola,Edge 40 ,Eclipse Black, 256 GB,26999
613,MOTOROLA,g24 Power ,Glacier Blue, 128 GB,7999
614,REDMI,13C ,Starshine Green, 128 GB,8999
615,REDMI,12 5G ,Jade Black, 128 GB,12999
616,Motorola,Edge 40 Neo ,Peach Fuzz, 128 GB,22999
617,POCO,X6 5G ,Snowstorm White, 256 GB,21999
618,REDMI,12,Moonstone Silver, 128 GB,10499
619,Kechaoda,A26,0,0,999
620,Motorola,e13 ,Cosmic Black, 64 GB,6499
621,OnePlus,Nord CE 2 Lite 5G ,Blue Tide, 128 GB,17836
622,POCO,X6 Pro 5G ,Yellow, 512 GB,28999
623,POCO,X6 Pro 5G ,Racing Grey, 256 GB,26999
624,POCO,C65 ,Pastel Blue, 256 GB,8999
625,REDMI,13C ,Starfrost White, 128 GB,8999
626,SAMSUNG,Guru 1200,0,0,1099
627,REDMI,Note 13 Pro 5G ,Coral Purple, 256 GB,27999
628,POCO,M5 ,Power Black, 128 GB,7999
629,REDMI,Note 13 Pro 5G ,Midnight Black, 128 GB,25999
630,OnePlus,Nord CE3 5G ,Aqua Surge, 128 GB,23672
631,OnePlus,Nord CE3 5G ,Grey Shimmer, 128 GB,23279
632,REDMI,Note 13 Pro 5G ,Arctic White, 128 GB,25999
633,SAMSUNG,Guru FM Plus SM-B110E/D,0,0,1260
634,REDMI,A2 ,Aqua Blue, 64 GB,5499
635,SAMSUNG,Guru Music 2 SM-B315E,0,0,1199
636,REDMI,12,Jade Black, 128 GB,10499
637,POCO,M6 Pro 5G ,Forest Green, 128 GB,9999
638,POCO,M6 5G ,Galactic Black, 128 GB,9999
639,IQOO,Z7s 5G ,?Pacific Night, 128 GB,16200
640,MOTOROLA,g24 Power ,Glacier Blue, 128 GB,7999
641,realme,11 5G ,Glory Black, 256 GB,17999
642,REDMI,Note 13 Pro 5G ,Coral Purple, 128 GB,25999
643,POCO,X6 5G ,Mirror Black, 256 GB,21999
644,realme,11 5G ,Glory Gold, 256 GB,17999
645,realme,12 Pro+ 5G ,Submarine Blue, 256 GB,31999
646,Infinix,Note 30 5G ,Magic Black, 256 GB,14999
647,POCO,C51 - Locked with Airtel Prepaid ,Royal Blue, 64 GB,4999
648,Motorola,e13 ,Little Boy Blue, 128 GB,7499
649,Infinix,HOT 30i ,Marigold, 128 GB,8299
650,REDMI,12 5G ,Moonstone Silver, 128 GB,12999
651,Infinix,Note 30 5G ,Interstellar Blue, 256 GB,14999
652,REDMI,A2 ,Sea Green, 64 GB,6799
653,Nokia,105,0,0,999
654,Kechaoda,A26_black,0,0,999
655,Infinix,SMART 7 ,Azure Blue, 64 GB,6999
656,REDMI,12 5G ,Pastel Blue, 128 GB,12999
657,itel,Magic X Pro 4G,0,64 GB,1671
658,Infinix,Note 30 5G ,Sunset Gold, 256 GB,14999
659,Kechaoda,K112,0,0,1575
660,POCO,C65 ,Pastel Blue, 256 GB,8999
661,Apple,iPhone 13 ,Blue, 128 GB,52999
662,Apple,iPhone 14 ,Purple, 128 GB,56999
663,realme,C53 ,Champion Black, 128 GB,8999
664,POCO,M5 ,Power Black, 64 GB,6999
665,Motorola,Edge 40 Neo ,Black Beauty, 128 GB,22999
666,Motorola,g84 5G ,Marshmallow Blue, 256 GB,17999
667,IQOO,Z7s 5G ,Norway Blue, 128 GB,16199
668,POCO,M6 5G ,Polaris Green, 128 GB,9999
669,Nothing,Phone 2,Dark Grey, 512 GB,38999
670,SAMSUNG,Guru Music 2,0,0,1749
671,realme,12 Pro+ 5G ,Explorer Red, 256 GB,31999
672,OnePlus,Nord CE3 5G ,Aqua Surge, 128 GB,23669
673,OnePlus,12R ,Cool Blue, 128 GB,39698
674,Kechaoda,A26,0,0,970
675,REDMI,13C ,Starshine Green, 128 GB,8999
676,realme,Narzo N53 ,Feather Gold, 64 GB,7868
677,Apple,iPhone 15 ,Pink, 128 GB,70999
678,POCO,M4 Pro ,Yellow, 128 GB,10999
679,OnePlus,12R ,Irony Gray, 128 GB,39988
680,REDMI,12 5G ,Moonstone Silver, 256 GB,14999
681,REDMI,A2 ,Aqua Blue, 64 GB,6799
682,REDMI,13c 5G ,Startrail Green, 256 GB,14019
683,REDMI,Note 12 5G ,Matte Black, 128 GB,15499
684,REDMI,12,Jade Black, 128 GB,9999
685,REDMI,Note 13 5G ,Stealth Black, 256 GB,20840
686,REDMI,Note 13 5G ,Prism Gold, 256 GB,21146
687,realme,Narzo 60 5G ,Mars Orange, 128 GB,14634
688,Motorola,Edge 40 Neo ,Peach Fuzz, 256 GB,24999
689,SAMSUNG,Galaxy S24 Ultra 5G ,Titanium Gray, 256 GB,129999
690,Infinix,SMART 7 ,Emerald Green, 128 GB,7799
691,Infinix,SMART 7 ,Night Black, 128 GB,7799
692,realme,Narzo 60 5G ,Mars Orange, 256 GB,18990
693,OnePlus,Nord CE 3 Lite 5G ,Pastel Lime, 128 GB,18147
694,Motorola,G32 ,Satin Maroon, 128 GB,9999
695,realme,Narzo 60x 5G,0,0,11974
696,Infinix,HOT 30 5G ,Knight Black, 128 GB,11499
697,REDMI,Note 13 5G ,Arctic White, 256 GB,21610
698,Motorola,e13 ,Cosmic Black, 128 GB,7499
699,SAMSUNG,Guru Music 2,0,0,1199
700,Infinix,HOT 30 5G ,Aurora Blue, 128 GB,11499
701,Infinix,HOT 30i ,Glacier Blue, 128 GB,8299
702,Infinix,Hot 12 ,Exploratory Blue, 64 GB,8999
703,Infinix,Hot 12 ,Polar Black, 64 GB,8999
704,realme,12 Pro+ 5G ,Explorer Red, 128 GB,29999
705,realme,12 Pro+ 5G ,Navigator Beige, 128 GB,29999
706,Infinix,Hot 12 ,7ø Purple, 64 GB,8999
707,Infinix,Zero 30 5G ,Rome Green, 256 GB,22999
708,SAMSUNG,GURU MUSIC 2,0,0,1267
709,Infinix,HOT 30i ,Marigold, 128 GB,8299
710,Apple,iPhone 13 ,Green, 128 GB,52999
711,Infinix,Zero 30 5G ,Golden Hour, 256 GB,21999
712,POCO,C65 ,Matte Black, 256 GB,8999
713,REDMI,A2 ,Aqua Blue, 64 GB,6799
714,Nothing,Phone 2,Dark Grey, 512 GB,38999
715,Infinix,SMART 7 ,Azure Blue, 128 GB,7799
716,Infinix,SMART 7 ,Night Black, 128 GB,7799
717,Jio,PRIMA 4G,0,0,2759
718,Infinix,SMART 7 ,Emerald Green, 128 GB,7799
719,Nokia,105 Classic without Charger,0,0,999
720,Nothing,Phone 2,White, 128 GB,39999
721,SAMSUNG,Guru Music 2,0,0,1199
722,Infinix,SMART 7 ,Night Black, 64 GB,6999
723,Infinix,SMART 7 ,Emerald Green, 64 GB,6999
724,realme,Narzo 60 5G ,Cosmic Black, 128 GB,15735
725,Infinix,SMART 7 ,Azure Blue, 64 GB,6999
726,realme,C67 5G ,Sunny Oasis, 128 GB,14499
727,realme,C67 5G ,Dark Purple, 128 GB,11999
728,Nothing,Phone 2,Dark Grey, 256 GB,36999
729,Nokia,105 Single SIM,0,0,1199
730,REDMI,12,Jade Black, 128 GB,10499
731,Nothing,Phone 2,White, 256 GB,36999
732,realme,Narzo 60X 5G ,Stellar Green, 128 GB,12916
733,Infinix,HOT 30i ,Diamond White, 128 GB,8299
734,Apple,iPhone 15 ,Green, 128 GB,70999
735,realme,Narzo 60X 5G ,Nebula Purple, 128 GB,12945
736,REDMI,Note 13 5G ,Stealth Black, 256 GB,20840
737,realme,Narzo 60x 5G ,Stellar Green, 128 GB,11715
738,Infinix,HOT 30i ,Mirror Black, 64 GB,8399
739,REDMI,Note 13 5G ,Arctic White, 256 GB,21500
740,Infinix,HOT 30i ,Glacier Blue, 64 GB,8399
741,Infinix,HOT 30i ,Marigold, 64 GB,8399
742,Infinix,HOT 30i ,Diamond White, 64 GB,8399
743,itel,Magic X Pro 4G,0,64 GB,1671
744,realme,C67 5G ,Dark Purple, 128 GB,14499
745,SAMSUNG,Galaxy F54 5G ,Meteor Blue, 256 GB,24999
746,REDMI,12,Jade Black, 128 GB,9999
747,SAMSUNG,Galaxy M14 5G ,Icy Silver, 128 GB,11980
748,IQOO,Z7s 5G ,Pacific Night, 128 GB,19190
749,IQOO,Z7S 5G ,Pacific Night, 128 GB,15881
750,REDMI,A2 ,Sea Green, 64 GB,6799
751,REDMI,Note 13 5G ,Stealth Black, 256 GB,18900
752,REDMI,Note 12 Pro 5G ,Glacier Blue, 128 GB,21999
753,Infinix,HOT 30i ,Mirror Black, 128 GB,8299
754,REDMI,Note 13 5G ,Prism Gold, 256 GB,21146
755,Motorola,Edge 40 ,Lunar Blue, 256 GB,26999
756,Infinix,Zero 30 5G ,Rome Green, 256 GB,21999
757,REDMI,13c 5G ,Startrail Silver, 256 GB,14106
758,REDMI,Note 13 5G ,Prism Gold, 128 GB,17227
759,Motorola,e13 ,Aurora Green, 64 GB,6499
760,SAMSUNG,Guru Music 2,0,0,1749
761,Nokia,105 Single SIM,0, Keypad Mobile Phone with Wireless FM Radio,1199
762,POCO,M6 5G ,Polaris Green, 128 GB,9999
763,SAMSUNG,Galaxy M14 5G ,Berry Blue, 128 GB,11875
764,Nothing,Phone 2,White, 512 GB,38999
765,SAMSUNG,Galaxy M04 ,Dark Blue, 64 GB,6510
766,OnePlus,12R ,Irony Gray, 128 GB,39990
767,OnePlus,12R ,Cool Blue, 128 GB,39698
768,REDMI,Note 13 Pro+ 5G ,Fusion Black, 256 GB,31999
769,SAMSUNG,Galaxy F34 5G ,Orchid Violet, 128 GB,15999
770,REDMI,13c 5G ,Startrail Green, 128 GB,11908
771,REDMI,Note 13 5G ,Stealth Black, 128 GB,16897
772,SAMSUNG,Galaxy F34 5G ,Electric Black, 128 GB,15999
773,REDMI,13c 5G ,Startrail Green, 128 GB,10894
774,REDMI,Note 13 5G ,Arctic White, 128 GB,17486
775,Nokia,105 SS ,0,0,1092
776,OnePlus,Nord CE 2 Lite 5G ,Black Dusk, 128 GB,17390
777,REDMI,13c 5G ,Starlight Black, 128 GB,10800
778,OnePlus,Nord CE 3 Lite 5G ,Chromatic Gray, 256 GB,19643
779,Motorola,g14 ,Sky Blue, 128 GB,8499
780,IQOO,Z6 Lite 5G  ,Stellar Green, 128 GB,12793
781,SAMSUNG,Galaxy M14 5G ,Berry Blue, 128 GB,10933
782,SAMSUNG,Galaxy M14 5G ,Smoky Teal, 128 GB,10894
783,Nokia,105,0,0,1357
784,REDMI,13c 5G ,Startrail Silver, 128 GB,10795
785,Motorola,g14 ,Steel Gray, 128 GB,8499
786,SAMSUNG,Galaxy M34 5G ,Prism Silver, 128 GB,15599
787,POCO,X6 5G ,Snowstorm White, 512 GB,24999
788,Apple,iPhone 14 Plus ,Blue, 128 GB,66999
789,REDMI,13c 5G ,Starlight Black, 256 GB,13989
790,POCO,M5 ,Power Black, 64 GB,6999
791,realme,Narzo 60X 5G ,Nebula Purple, 128 GB,11704
792,SAMSUNG,Galaxy M04 ,Light Green, 64 GB,6469
793,REDMI,Note 12 5G ,Matte Black, 128 GB,15499
794,POCO,C51 ,Power Black, 64 GB,4999
795,Samsung,Galaxy S21 FE 5G ,Graphite, 256 GB,30999
796,SAMSUNG,Galaxy M14 5G ,ICY Silver, 128 GB,11220
797,Apple,iPhone 14 ,PRODUCT)RED, 128 GB,56999
798,REDMI,Note 12 ,Sunrise Gold, 64 GB,10999
799,POCO,M4 Pro ,Yellow, 128 GB,10999
800,POCO,C65 ,Pastel Green, 128 GB,8299
801,POCO,X6 5G ,Mirror Black, 512 GB,24999
802,Apple,iPhone 12 ,Blue, 64 GB,44999
803,vivo,T2x 5G , Glimmer Black, 128GB,12999
804,Apple,iPhone 15 , Black, 128GB,70990
805,Apple,iPhone 15 , Blue, 128GB,70990
806,Apple,iPhone 15 , Black, 128GB,81990
807,vivo,Y17s , Forest Green, 128GB,10499
808,vivo,Y17s , Glitter Purple, 128GB,10499
809,Apple,iPhone 15 , Blue, 128GB,81990
810,OnePlus,Nord CE 3 5G , Grey, 128GB,24999
811,OnePlus,Nord CE 3 Lite 5G , Chromatic Gray, 128GB,19999
812,Apple,iPhone 15 Plus , Black, 128GB,81490
813,Apple,iPhone 15 Plus , Blue, 128GB,81490
814,Apple,iPhone 15 , Pink, 128GB,81990
815,Apple,iPhone 15 , Green, 128GB,81990
816,vivo,Y28 5G , Crystal Purple, 128GB,13999
817,Apple,iPhone 15 , Green, 128GB,70990
818,OnePlus,Nord CE3 5G , Aqua Surge, 128GB,24999
819,Apple,iPhone 15 , Pink, 128GB,70990
820,Apple,iPhone 15 Plus , Blue, 128GB,92990
821,Apple,iPhone 15 Plus , Pink, 128GB,81490
822,realme,C53 , Champion Gold, 128GB,8999
823,OnePlus,Nord CE 3 Lite 5G , Pastel Lime, 128GB,19999
824,vivo,T2x 5G , Glimmer Black, 128GB,12999
825,Apple,iPhone 15 , Black, 128GB,70990
826,Apple,iPhone 15 , Blue, 128GB,70990
827,Apple,iPhone 15 , Black,256GB,81990
828,vivo,Y17s , Forest Green,4GB RAM,10499
829,vivo,Y17s , Glitter Purple,4GB RAM,10499
830,Apple,iPhone 15 , Blue,256GB,81990
831,OnePlus,Nord CE 3 5G , Grey,8GB,24999
832,OnePlus,Nord CE 3 Lite 5G , Chromatic Gray,8GB RAM,19999
833,Apple,iPhone 15 Plus , Black,128GB,81490
834,Apple,iPhone 15 Plus , Blue,128GB,81490
835,Apple,iPhone 15 , Pink,256GB,81990
836,Apple,iPhone 15 , Green,256GB,81990
837,vivo,Y28 5G , Crystal Purple,4GB RAM,13999
838,Apple,iPhone 15 , Green,128GB,70990
839,OnePlus,Nord CE3 5G , Aqua Surge,8GB RAM,24999
840,Apple,iPhone 15 , Pink,128GB,70990
841,Apple,iPhone 15 Plus , Blue,256GB,92990
842,Apple,iPhone 15 Plus , Pink,128GB,81490
843,realme,C53 , Champion Gold,4GB RAM,8999
844,OnePlus,Nord CE 3 Lite 5G , Pastel Lime,8GB RAM,19999
845,vivo,T2x 5G , Glimmer Black,6GB RAM,12999
846,Apple,iPhone 15 , Black,128GB,70990
847,Apple,iPhone 15 , Blue,128GB,70990
848,Apple,iPhone 15 , Black,256GB,81990
849,vivo,Y17s , Forest Green,4GB RAM,10499
850,vivo,Y17s , Glitter Purple,4GB RAM,10499
851,Apple,iPhone 15 , Blue,256GB,81990
852,OnePlus,Nord CE 3 5G , Grey,8GB,24999
853,OnePlus,Nord CE 3 Lite 5G , Chromatic Gray,8GB RAM,19999
854,Apple,iPhone 15 Plus , Black,128GB,81490
855,Apple,iPhone 15 Plus , Blue,128GB,81490
856,Apple,iPhone 15 , Pink,256GB,81990
857,Apple,iPhone 15 , Green,256GB,81990
858,vivo,Y28 5G , Crystal Purple,4GB RAM,13999
859,Apple,iPhone 15 , Green,128GB,70990
860,OnePlus,Nord CE3 5G , Aqua Surge,8GB RAM,24999
861,Apple,iPhone 15 , Pink,128GB,70990
862,Apple,iPhone 15 Plus , Blue,256GB,92990
863,Apple,iPhone 15 Plus , Pink,128GB,81490
864,realme,C53 , Champion Gold,4GB RAM,8999
865,OnePlus,Nord CE 3 Lite 5G , Pastel Lime,8GB RAM,19999
866,vivo,T2x 5G , Glimmer Black,6GB RAM,12999
867,Apple,iPhone 15 , Black,128GB,70990
868,Apple,iPhone 15 , Blue,128GB,70990
869,Apple,iPhone 15 , Black,256GB,81990
870,vivo,Y17s , Forest Green,4GB RAM,10499
871,vivo,Y17s , Glitter Purple,4GB RAM,10499
872,Apple,iPhone 15 , Blue,256GB,81990
873,OnePlus,Nord CE 3 5G , Grey,8GB,24999
874,OnePlus,Nord CE 3 Lite 5G , Chromatic Gray,8GB RAM,19999
875,Apple,iPhone 15 Plus , Black,128GB,81490
876,Apple,iPhone 15 Plus , Blue,128GB,81490
877,Apple,iPhone 15 , Pink,256GB,81990
878,Apple,iPhone 15 , Green,256GB,81990
879,vivo,Y28 5G , Crystal Purple,4GB RAM,13999
880,Apple,iPhone 15 , Green,128GB,70990
881,OnePlus,Nord CE3 5G , Aqua Surge,8GB RAM,24999
882,Apple,iPhone 15 , Pink,128GB,70990
883,Apple,iPhone 15 Plus , Blue,256GB,92990
884,Apple,iPhone 15 Plus , Pink,128GB,81490
885,realme,C53 , Champion Gold,4GB RAM,8999
886,OnePlus,Nord CE 3 Lite 5G , Pastel Lime,8GB RAM,19999
887,vivo,T2x 5G , Glimmer Black,6GB RAM,12999
888,Apple,iPhone 15 , Black,128GB,70990
889,Apple,iPhone 15 , Blue,128GB,70990
890,Apple,iPhone 15 , Black,256GB,81990
891,vivo,Y17s , Forest Green,4GB RAM,10499
892,vivo,Y17s , Glitter Purple,4GB RAM,10499
893,Apple,iPhone 15 , Blue,256GB,81990
894,OnePlus,Nord CE 3 5G , Grey,8GB,24999
895,OnePlus,Nord CE 3 Lite 5G , Chromatic Gray,8GB RAM,19999
896,Apple,iPhone 15 Plus , Black,128GB,81490
897,Apple,iPhone 15 Plus , Blue,128GB,81490
898,Apple,iPhone 15 , Pink,256GB,81990
899,Apple,iPhone 15 , Green,256GB,81990
900,vivo,Y28 5G , Crystal Purple,4GB RAM,13999
901,Apple,iPhone 15 , Green,128GB,70990
902,OnePlus,Nord CE3 5G , Aqua Surge,8GB RAM,24999
903,Apple,iPhone 15 , Pink,128GB,70990
904,Apple,iPhone 15 Plus , Blue,256GB,92990
905,Apple,iPhone 15 Plus , Pink,128GB,81490
906,realme,C53 , Champion Gold,4GB RAM,8999
907,OnePlus,Nord CE 3 Lite 5G , Pastel Lime,8GB RAM,19999
908,vivo,T2x 5G , Glimmer Black,6GB RAM,12999
909,Apple,iPhone 15 , Black,128GB,70990
910,Apple,iPhone 15 , Blue,128GB,70990
911,Apple,iPhone 15 , Black,256GB,81990
912,vivo,Y17s , Forest Green,4GB RAM,10499
913,vivo,Y17s , Glitter Purple,4GB RAM,10499
914,Apple,iPhone 15 , Blue,256GB,81990
915,OnePlus,Nord CE 3 5G , Grey,8GB,24999
916,OnePlus,Nord CE 3 Lite 5G , Chromatic Gray,8GB RAM,19999
917,Apple,iPhone 15 Plus , Black,128GB,81490
918,Apple,iPhone 15 Plus , Blue,128GB,81490
919,Apple,iPhone 15 , Pink,256GB,81990
920,Apple,iPhone 15 , Green,256GB,81990
921,vivo,Y28 5G , Crystal Purple,4GB RAM,13999
922,Apple,iPhone 15 , Green,128GB,70990
923,OnePlus,Nord CE3 5G , Aqua Surge,8GB RAM,24999
924,Apple,iPhone 15 , Pink,128GB,70990
925,Apple,iPhone 15 Plus , Blue,256GB,92990
926,Apple,iPhone 15 Plus , Pink,128GB,81490
927,realme,C53 , Champion Gold,4GB RAM,8999
928,OnePlus,Nord CE 3 Lite 5G , Pastel Lime,8GB RAM,19999
929,vivo,T2x 5G , Glimmer Black,6GB RAM,12999
930,Apple,iPhone 15 , Black,128GB,70990
931,Apple,iPhone 15 , Blue,128GB,70990
932,Apple,iPhone 15 , Black,256GB,81990
933,vivo,Y17s , Forest Green,4GB RAM,10499
934,vivo,Y17s , Glitter Purple,4GB RAM,10499
935,Apple,iPhone 15 , Blue,256GB,81990
936,OnePlus,Nord CE 3 5G , Grey,8GB,24999
937,OnePlus,Nord CE 3 Lite 5G , Chromatic Gray,8GB RAM,19999
938,Apple,iPhone 15 Plus , Black,128GB,81490
939,Apple,iPhone 15 Plus , Blue,128GB,81490
940,Apple,iPhone 15 , Pink,256GB,81990
941,Apple,iPhone 15 , Green,256GB,81990
942,vivo,Y28 5G , Crystal Purple,4GB RAM,13999
943,Apple,iPhone 15 , Green,128GB,70990
944,OnePlus,Nord CE3 5G , Aqua Surge,8GB RAM,24999
945,Apple,iPhone 15 , Pink,128GB,70990
946,Apple,iPhone 15 Plus , Blue,256GB,92990
947,Apple,iPhone 15 Plus , Pink,128GB,81490
948,realme,C53 , Champion Gold,4GB RAM,8999
949,OnePlus,Nord CE 3 Lite 5G , Pastel Lime,8GB RAM,19999
950,vivo,T2x 5G , Glimmer Black,6GB RAM,12999
951,Apple,iPhone 15 , Black,128GB,70990
952,Apple,iPhone 15 , Blue,128GB,70990
953,Apple,iPhone 15 , Black,256GB,81990
954,vivo,Y17s , Forest Green,4GB RAM,10499
955,vivo,Y17s , Glitter Purple,4GB RAM,10499
956,Apple,iPhone 15 , Blue,256GB,81990
957,OnePlus,Nord CE 3 5G , Grey,8GB,24999
958,OnePlus,Nord CE 3 Lite 5G , Chromatic Gray,8GB RAM,19999
959,Apple,iPhone 15 Plus , Black,128GB,81490
960,Apple,iPhone 15 Plus , Blue,128GB,81490
961,Apple,iPhone 15 , Pink,256GB,81990
962,Apple,iPhone 15 , Green,256GB,81990
963,vivo,Y28 5G , Crystal Purple,4GB RAM,13999
964,Apple,iPhone 15 , Green,128GB,70990
965,OnePlus,Nord CE3 5G , Aqua Surge,8GB RAM,24999
966,Apple,iPhone 15 , Pink,128GB,70990
967,Apple,iPhone 15 Plus , Blue,256GB,92990
968,Apple,iPhone 15 Plus , Pink,128GB,81490
969,realme,C53 , Champion Gold,4GB RAM,8999
970,OnePlus,Nord CE 3 Lite 5G , Pastel Lime,8GB RAM,19999
971,vivo,T2x 5G , Glimmer Black,6GB RAM,12999
972,Apple,iPhone 15 , Black,128GB,70990
973,Apple,iPhone 15 , Blue,128GB,70990
974,Apple,iPhone 15 , Black,256GB,81990
975,vivo,Y17s , Forest Green,4GB RAM,10499
976,vivo,Y17s , Glitter Purple,4GB RAM,10499
977,Apple,iPhone 15 , Blue,256GB,81990
978,OnePlus,Nord CE 3 5G , Grey,8GB,24999
979,OnePlus,Nord CE 3 Lite 5G , Chromatic Gray,8GB RAM,19999
980,Apple,iPhone 15 Plus , Black,128GB,81490
981,Apple,iPhone 15 Plus , Blue,128GB,81490
982,Apple,iPhone 15 , Pink,256GB,81990
983,Apple,iPhone 15 , Green,256GB,81990
984,vivo,Y28 5G , Crystal Purple,4GB RAM,13999
985,Apple,iPhone 15 , Green,128GB,70990
986,OnePlus,Nord CE3 5G , Aqua Surge,8GB RAM,24999
987,Apple,iPhone 15 , Pink,128GB,70990
988,Apple,iPhone 15 Plus , Blue,256GB,92990
989,Apple,iPhone 15 Plus , Pink,128GB,81490
990,realme,C53 , Champion Gold,4GB RAM,8999
991,OnePlus,Nord CE 3 Lite 5G , Pastel Lime,8GB RAM,19999
992,vivo,T2x 5G , Glimmer Black,6GB RAM,12999
993,Apple,iPhone 15 , Black,128GB,70990
994,Apple,iPhone 15 , Blue,128GB,70990
995,Apple,iPhone 15 , Black,256GB,81990
996,vivo,Y17s , Forest Green,4GB RAM,10499
997,vivo,Y17s , Glitter Purple,4GB RAM,10499
998,Apple,iPhone 15 , Blue,256GB,81990
999,OnePlus,Nord CE 3 5G , Grey,8GB,24999
1000,OnePlus,Nord CE 3 Lite 5G , Chromatic Gray,8GB RAM,19999
1001,Apple,iPhone 15 Plus , Black,128GB,81490
1002,Apple,iPhone 15 Plus , Blue,128GB,81490
1003,Apple,iPhone 15 , Pink,256GB,81990
1004,Apple,iPhone 15 , Green,256GB,81990
1005,vivo,Y28 5G , Crystal Purple,4GB RAM,13999
1006,Apple,iPhone 15 , Green,128GB,70990
1007,OnePlus,Nord CE3 5G , Aqua Surge,8GB RAM,24999
1008,Apple,iPhone 15 , Pink,128GB,70990
1009,Apple,iPhone 15 Plus , Blue,256GB,92990
1010,Apple,iPhone 15 Plus , Pink,128GB,81490
1011,realme,C53 , Champion Gold,4GB RAM,8999
1012,OnePlus,Nord CE 3 Lite 5G , Pastel Lime,8GB RAM,19999
1013,vivo,T2x 5G , Glimmer Black,6GB RAM,12999
1014,Apple,iPhone 15 , Black,128GB,70990
1015,Apple,iPhone 15 , Blue,128GB,70990
1016,Apple,iPhone 15 , Black,256GB,81990
1017,vivo,Y17s , Forest Green,4GB RAM,10499
1018,vivo,Y17s , Glitter Purple,4GB RAM,10499
1019,Apple,iPhone 15 , Blue,256GB,81990
1020,OnePlus,Nord CE 3 5G , Grey,8GB,24999
1021,OnePlus,Nord CE 3 Lite 5G , Chromatic Gray,8GB RAM,19999
1022,Apple,iPhone 15 Plus , Black,128GB,81490
1023,Apple,iPhone 15 Plus , Blue,128GB,81490
1024,Apple,iPhone 15 , Pink,256GB,81990
1025,Apple,iPhone 15 , Green,256GB,81990
1026,vivo,Y28 5G , Crystal Purple,4GB RAM,13999
1027,Apple,iPhone 15 , Green,128GB,70990
1028,OnePlus,Nord CE3 5G , Aqua Surge,8GB RAM,24999
1029,Apple,iPhone 15 , Pink,128GB,70990
1030,Apple,iPhone 15 Plus , Blue,256GB,92990
1031,Apple,iPhone 15 Plus , Pink,128GB,81490
1032,realme,C53 , Champion Gold,4GB RAM,8999
1033,OnePlus,Nord CE 3 Lite 5G , Pastel Lime,8GB RAM,19999
1034,vivo,T2x 5G , Glimmer Black,6GB RAM,12999
1035,Apple,iPhone 15 , Black,128GB,70990
1036,Apple,iPhone 15 , Blue,128GB,70990
1037,Apple,iPhone 15 , Black,256GB,81990
1038,vivo,Y17s , Forest Green,4GB RAM,10499
1039,vivo,Y17s , Glitter Purple,4GB RAM,10499
1040,Apple,iPhone 15 , Blue,256GB,81990
1041,OnePlus,Nord CE 3 5G , Grey,8GB,24999
1042,OnePlus,Nord CE 3 Lite 5G , Chromatic Gray,8GB RAM,19999
1043,Apple,iPhone 15 Plus , Black,128GB,81490
1044,Apple,iPhone 15 Plus , Blue,128GB,81490
1045,Apple,iPhone 15 , Pink,256GB,81990
1046,Apple,iPhone 15 , Green,256GB,81990
1047,vivo,Y28 5G , Crystal Purple,4GB RAM,13999
1048,Apple,iPhone 15 , Green,128GB,70990
1049,OnePlus,Nord CE3 5G , Aqua Surge,8GB RAM,24999
1050,Apple,iPhone 15 , Pink,128GB,70990
1051,Apple,iPhone 15 Plus , Blue,256GB,92990
1052,Apple,iPhone 15 Plus , Pink,128GB,81490
1053,realme,C53 , Champion Gold,4GB RAM,8999
1054,OnePlus,Nord CE 3 Lite 5G , Pastel Lime,8GB RAM,19999
1055,vivo,T2x 5G , Glimmer Black,6GB RAM,12999
1056,Apple,iPhone 15 , Black,128GB,70990
1057,Apple,iPhone 15 , Blue,128GB,70990
1058,Apple,iPhone 15 , Black,256GB,81990
1059,vivo,Y17s , Forest Green,4GB RAM,10499
1060,vivo,Y17s , Glitter Purple,4GB RAM,10499
1061,Apple,iPhone 15 , Blue,256GB,81990
1062,OnePlus,Nord CE 3 5G , Grey,8GB,24999
1063,OnePlus,Nord CE 3 Lite 5G , Chromatic Gray,8GB RAM,19999
1064,Apple,iPhone 15 Plus , Black,128GB,81490
1065,Apple,iPhone 15 Plus , Blue,128GB,81490
1066,Apple,iPhone 15 , Pink,256GB,81990
1067,Apple,iPhone 15 , Green,256GB,81990
1068,vivo,Y28 5G , Crystal Purple,4GB RAM,13999
1069,Apple,iPhone 15 , Green,128GB,70990
1070,OnePlus,Nord CE3 5G , Aqua Surge,8GB RAM,24999
1071,Apple,iPhone 15 , Pink,128GB,70990
1072,Apple,iPhone 15 Plus , Blue,256GB,92990
1073,Apple,iPhone 15 Plus , Pink,128GB,81490
1074,realme,C53 , Champion Gold,4GB RAM,8999
1075,OnePlus,Nord CE 3 Lite 5G , Pastel Lime,8GB RAM,19999
1076,vivo,T2x 5G , Glimmer Black,6GB RAM,12999
1077,Apple,iPhone 15 , Black,128GB,70990
1078,Apple,iPhone 15 , Blue,128GB,70990
1079,Apple,iPhone 15 , Black,256GB,81990
1080,vivo,Y17s , Forest Green,4GB RAM,10499
1081,vivo,Y17s , Glitter Purple,4GB RAM,10499
1082,Apple,iPhone 15 , Blue,256GB,81990
1083,OnePlus,Nord CE 3 5G , Grey,8GB,24999
1084,OnePlus,Nord CE 3 Lite 5G , Chromatic Gray,8GB RAM,19999
1085,Apple,iPhone 15 Plus , Black,128GB,81490
1086,Apple,iPhone 15 Plus , Blue,128GB,81490
1087,Apple,iPhone 15 , Pink,256GB,81990
1088,Apple,iPhone 15 , Green,256GB,81990
1089,vivo,Y28 5G , Crystal Purple,4GB RAM,13999
1090,Apple,iPhone 15 , Green,128GB,70990
1091,OnePlus,Nord CE3 5G , Aqua Surge,8GB RAM,24999
1092,Apple,iPhone 15 , Pink,128GB,70990
1093,Apple,iPhone 15 Plus , Blue,256GB,92990
1094,Apple,iPhone 15 Plus , Pink,128GB,81490
1095,realme,C53 , Champion Gold,4GB RAM,8999
1096,OnePlus,Nord CE 3 Lite 5G , Pastel Lime,8GB RAM,19999
1097,vivo,T2x 5G , Glimmer Black,6GB RAM,12999
1098,Apple,iPhone 15 , Black,128GB,70990
1099,Apple,iPhone 15 , Blue,128GB,70990
1100,Apple,iPhone 15 , Black,256GB,81990
1101,vivo,Y17s , Forest Green,4GB RAM,10499
1102,vivo,Y17s , Glitter Purple,4GB RAM,10499
1103,Apple,iPhone 15 , Blue,256GB,81990
1104,OnePlus,Nord CE 3 5G , Grey,8GB,24999
1105,OnePlus,Nord CE 3 Lite 5G , Chromatic Gray,8GB RAM,19999
1106,Apple,iPhone 15 Plus , Black,128GB,81490
1107,Apple,iPhone 15 Plus , Blue,128GB,81490
1108,Apple,iPhone 15 , Pink,256GB,81990
1109,Apple,iPhone 15 , Green,256GB,81990
1110,vivo,Y28 5G , Crystal Purple,4GB RAM,13999
1111,Apple,iPhone 15 , Green,128GB,70990
1112,OnePlus,Nord CE3 5G , Aqua Surge,8GB RAM,24999
1113,Apple,iPhone 15 , Pink,128GB,70990
1114,Apple,iPhone 15 Plus , Blue,256GB,92990
1115,Apple,iPhone 15 Plus , Pink,128GB,81490
1116,realme,C53 , Champion Gold,4GB RAM,8999
1117,OnePlus,Nord CE 3 Lite 5G , Pastel Lime,8GB RAM,19999
1118,vivo,T2x 5G , Glimmer Black,6GB RAM,12999
1119,Apple,iPhone 15 , Black,128GB,70990
1120,Apple,iPhone 15 , Blue,128GB,70990
1121,Apple,iPhone 15 , Black,256GB,81990
1122,vivo,Y17s , Forest Green,4GB RAM,10499
1123,vivo,Y17s , Glitter Purple,4GB RAM,10499
1124,Apple,iPhone 15 , Blue,256GB,81990
1125,OnePlus,Nord CE 3 5G , Grey,8GB,24999
1126,OnePlus,Nord CE 3 Lite 5G , Chromatic Gray,8GB RAM,19999
1127,Apple,iPhone 15 Plus , Black,128GB,81490
1128,Apple,iPhone 15 Plus , Blue,128GB,81490
1129,Apple,iPhone 15 , Pink,256GB,81990
1130,Apple,iPhone 15 , Green,256GB,81990
1131,vivo,Y28 5G , Crystal Purple,4GB RAM,13999
1132,Apple,iPhone 15 , Green,128GB,70990
1133,OnePlus,Nord CE3 5G , Aqua Surge,8GB RAM,24999
1134,Apple,iPhone 15 , Pink,128GB,70990
1135,Apple,iPhone 15 Plus , Blue,256GB,92990
1136,Apple,iPhone 15 Plus , Pink,128GB,81490
1137,realme,C53 , Champion Gold,4GB RAM,8999
1138,OnePlus,Nord CE 3 Lite 5G , Pastel Lime,8GB RAM,19999
1139,vivo,T2x 5G , Glimmer Black,6GB RAM,12999
1140,Apple,iPhone 15 , Black,128GB,70990
1141,Apple,iPhone 15 , Blue,128GB,70990
1142,Apple,iPhone 15 , Black,256GB,81990
1143,vivo,Y17s , Forest Green,4GB RAM,10499
1144,vivo,Y17s , Glitter Purple,4GB RAM,10499
1145,Apple,iPhone 15 , Blue,256GB,81990
1146,OnePlus,Nord CE 3 5G , Grey,8GB,24999
1147,OnePlus,Nord CE 3 Lite 5G , Chromatic Gray,8GB RAM,19999
1148,Apple,iPhone 15 Plus , Black,128GB,81490
1149,Apple,iPhone 15 Plus , Blue,128GB,81490
1150,Apple,iPhone 15 , Pink,256GB,81990
1151,Apple,iPhone 15 , Green,256GB,81990
1152,vivo,Y28 5G , Crystal Purple,4GB RAM,13999
1153,Apple,iPhone 15 , Green,128GB,70990
1154,OnePlus,Nord CE3 5G , Aqua Surge,8GB RAM,24999
1155,Apple,iPhone 15 , Pink,128GB,70990
1156,Apple,iPhone 15 Plus , Blue,256GB,92990
1157,Apple,iPhone 15 Plus , Pink,128GB,81490
1158,realme,C53 , Champion Gold,4GB RAM,8999
1159,OnePlus,Nord CE 3 Lite 5G , Pastel Lime,8GB RAM,19999
1160,vivo,T2x 5G , Glimmer Black,6GB RAM,12999
1161,Apple,iPhone 15 , Black,128GB,70990
1162,Apple,iPhone 15 , Blue,128GB,70990
1163,Apple,iPhone 15 , Black,256GB,81990
1164,vivo,Y17s , Forest Green,4GB RAM,10499
1165,vivo,Y17s , Glitter Purple,4GB RAM,10499
1166,Apple,iPhone 15 , Blue,256GB,81990
1167,OnePlus,Nord CE 3 5G , Grey,8GB,24999
1168,OnePlus,Nord CE 3 Lite 5G , Chromatic Gray,8GB RAM,19999
1169,Apple,iPhone 15 Plus , Black,128GB,81490
1170,Apple,iPhone 15 Plus , Blue,128GB,81490
1171,Apple,iPhone 15 , Pink,256GB,81990
1172,Apple,iPhone 15 , Green,256GB,81990
1173,vivo,Y28 5G , Crystal Purple,4GB RAM,13999
1174,Apple,iPhone 15 , Green,128GB,70990
1175,OnePlus,Nord CE3 5G , Aqua Surge,8GB RAM,24999
1176,Apple,iPhone 15 , Pink,128GB,70990
1177,Apple,iPhone 15 Plus , Blue,256GB,92990
1178,Apple,iPhone 15 Plus , Pink,128GB,81490
1179,realme,C53 , Champion Gold,4GB RAM,8999
1180,OnePlus,Nord CE 3 Lite 5G , Pastel Lime,8GB RAM,19999
1181,vivo,T2x 5G , Glimmer Black,6GB RAM,12999
1182,Apple,iPhone 15 , Black,128GB,70990
1183,Apple,iPhone 15 , Blue,128GB,70990
1184,Apple,iPhone 15 , Black,256GB,81990
1185,vivo,Y17s , Forest Green,4GB RAM,10499
1186,vivo,Y17s , Glitter Purple,4GB RAM,10499
1187,Apple,iPhone 15 , Blue,256GB,81990
1188,OnePlus,Nord CE 3 5G , Grey,8GB,24999
1189,OnePlus,Nord CE 3 Lite 5G , Chromatic Gray,8GB RAM,19999
1190,Apple,iPhone 15 Plus , Black,128GB,81490
1191,Apple,iPhone 15 Plus , Blue,128GB,81490
1192,Apple,iPhone 15 , Pink,256GB,81990
1193,Apple,iPhone 15 , Green,256GB,81990
1194,vivo,Y28 5G , Crystal Purple,4GB RAM,13999
1195,Apple,iPhone 15 , Green,128GB,70990
1196,OnePlus,Nord CE3 5G , Aqua Surge,8GB RAM,24999
1197,Apple,iPhone 15 , Pink,128GB,70990
1198,Apple,iPhone 15 Plus , Blue,256GB,92990
1199,Apple,iPhone 15 Plus , Pink,128GB,81490
1200,realme,C53 , Champion Gold,4GB RAM,8999
1201,OnePlus,Nord CE 3 Lite 5G , Pastel Lime,8GB RAM,19999
1202,vivo,T2x 5G , Glimmer Black,6GB RAM,12999
1203,Apple,iPhone 15 , Black,128GB,70990
1204,Apple,iPhone 15 , Blue,128GB,70990
1205,Apple,iPhone 15 , Black,256GB,81990
1206,vivo,Y17s , Forest Green,4GB RAM,10499
1207,vivo,Y17s , Glitter Purple,4GB RAM,10499
1208,Apple,iPhone 15 , Blue,256GB,81990
1209,OnePlus,Nord CE 3 5G , Grey,8GB,24999
1210,OnePlus,Nord CE 3 Lite 5G , Chromatic Gray,8GB RAM,19999
1211,Apple,iPhone 15 Plus , Black,128GB,81490
1212,Apple,iPhone 15 Plus , Blue,128GB,81490
1213,Apple,iPhone 15 , Pink,256GB,81990
1214,Apple,iPhone 15 , Green,256GB,81990
1215,vivo,Y28 5G , Crystal Purple,4GB RAM,13999
1216,Apple,iPhone 15 , Green,128GB,70990
1217,OnePlus,Nord CE3 5G , Aqua Surge,8GB RAM,24999
1218,Apple,iPhone 15 , Pink,128GB,70990
1219,Apple,iPhone 15 Plus , Blue,256GB,92990
1220,Apple,iPhone 15 Plus , Pink,128GB,81490
1221,realme,C53 , Champion Gold,4GB RAM,8999
1222,OnePlus,Nord CE 3 Lite 5G , Pastel Lime,8GB RAM,19999
1223,vivo,T2x 5G , Glimmer Black,6GB RAM,12999
1224,Apple,iPhone 15 , Black,128GB,70990
1225,Apple,iPhone 15 , Blue,128GB,70990
1226,Apple,iPhone 15 , Black,256GB,81990
1227,vivo,Y17s , Forest Green,4GB RAM,10499
1228,vivo,Y17s , Glitter Purple,4GB RAM,10499
1229,Apple,iPhone 15 , Blue,256GB,81990
1230,OnePlus,Nord CE 3 5G , Grey,8GB,24999
1231,OnePlus,Nord CE 3 Lite 5G , Chromatic Gray,8GB RAM,19999
1232,Apple,iPhone 15 Plus , Black,128GB,81490
1233,Apple,iPhone 15 Plus , Blue,128GB,81490
1234,Apple,iPhone 15 , Pink,256GB,81990
1235,Apple,iPhone 15 , Green,256GB,81990
1236,vivo,Y28 5G , Crystal Purple,4GB RAM,13999
1237,Apple,iPhone 15 , Green,128GB,70990
1238,OnePlus,Nord CE3 5G , Aqua Surge,8GB RAM,24999
1239,Apple,iPhone 15 , Pink,128GB,70990
1240,Apple,iPhone 15 Plus , Blue,256GB,92990
1241,Apple,iPhone 15 Plus , Pink,128GB,81490
1242,realme,C53 , Champion Gold,4GB RAM,8999
1243,OnePlus,Nord CE 3 Lite 5G , Pastel Lime,8GB RAM,19999
1244,vivo,T2x 5G , Glimmer Black,6GB RAM,12999
1245,Apple,iPhone 15 , Black,128GB,70990
1246,Apple,iPhone 15 , Blue,128GB,70990
1247,Apple,iPhone 15 , Black,256GB,81990
1248,vivo,Y17s , Forest Green,4GB RAM,10499
1249,vivo,Y17s , Glitter Purple,4GB RAM,10499
1250,Apple,iPhone 15 , Blue,256GB,81990
1251,OnePlus,Nord CE 3 5G , Grey,8GB,24999
1252,OnePlus,Nord CE 3 Lite 5G , Chromatic Gray,8GB RAM,19999
1253,Apple,iPhone 15 Plus , Black,128GB,81490
1254,Apple,iPhone 15 Plus , Blue,128GB,81490
1255,Apple,iPhone 15 , Pink,256GB,81990
1256,Apple,iPhone 15 , Green,256GB,81990
1257,vivo,Y28 5G , Crystal Purple,4GB RAM,13999
1258,Apple,iPhone 15 , Green,128GB,70990
1259,OnePlus,Nord CE3 5G , Aqua Surge,8GB RAM,24999
1260,Apple,iPhone 15 , Pink,128GB,70990
1261,Apple,iPhone 15 Plus , Blue,256GB,92990
1262,Apple,iPhone 15 Plus , Pink,128GB,81490
1263,realme,C53 , Champion Gold,4GB RAM,8999
1264,OnePlus,Nord CE 3 Lite 5G , Pastel Lime,8GB RAM,19999
1265,vivo,T2x 5G , Glimmer Black,6GB RAM,12999
1266,Apple,iPhone 15 , Black,128GB,70990
1267,Apple,iPhone 15 , Blue,128GB,70990
1268,Apple,iPhone 15 , Black,256GB,81990
1269,vivo,Y17s , Forest Green,4GB RAM,10499
1270,vivo,Y17s , Glitter Purple,4GB RAM,10499
1271,Apple,iPhone 15 , Blue,256GB,81990
1272,OnePlus,Nord CE 3 5G , Grey,8GB,24999
1273,OnePlus,Nord CE 3 Lite 5G , Chromatic Gray,8GB RAM,19999
1274,Apple,iPhone 15 Plus , Black,128GB,81490
1275,Apple,iPhone 15 Plus , Blue,128GB,81490
1276,Apple,iPhone 15 , Pink,256GB,81990
1277,Apple,iPhone 15 , Green,256GB,81990
1278,vivo,Y28 5G , Crystal Purple,4GB RAM,13999
1279,Apple,iPhone 15 , Green,128GB,70990
1280,OnePlus,Nord CE3 5G , Aqua Surge,8GB RAM,24999
1281,Apple,iPhone 15 , Pink,128GB,70990
1282,Apple,iPhone 15 Plus , Blue,256GB,92990
1283,Apple,iPhone 15 Plus , Pink,128GB,81490
1284,realme,C53 , Champion Gold,4GB RAM,8999
1285,OnePlus,Nord CE 3 Lite 5G , Pastel Lime,8GB RAM,19999
1286,vivo,T2x 5G , Glimmer Black,6GB RAM,12999
1287,Apple,iPhone 15 , Black,128GB,70990
1288,Apple,iPhone 15 , Blue,128GB,70990
1289,Apple,iPhone 15 , Black,256GB,81990
1290,vivo,Y17s , Forest Green,4GB RAM,10499
1291,vivo,Y17s , Glitter Purple,4GB RAM,10499
1292,Apple,iPhone 15 , Blue,256GB,81990
1293,OnePlus,Nord CE 3 5G , Grey,8GB,24999
1294,OnePlus,Nord CE 3 Lite 5G , Chromatic Gray,8GB RAM,19999
1295,Apple,iPhone 15 Plus , Black,128GB,81490
1296,Apple,iPhone 15 Plus , Blue,128GB,81490
1297,Apple,iPhone 15 , Pink,256GB,81990
1298,Apple,iPhone 15 , Green,256GB,81990
1299,vivo,Y28 5G , Crystal Purple,4GB RAM,13999
1300,Apple,iPhone 15 , Green,128GB,70990
1301,OnePlus,Nord CE3 5G , Aqua Surge,8GB RAM,24999
1302,Apple,iPhone 15 , Pink,128GB,70990
1303,Apple,iPhone 15 Plus , Blue,256GB,92990
1304,Apple,iPhone 15 Plus , Pink,128GB,81490
1305,realme,C53 , Champion Gold,4GB RAM,8999
1306,OnePlus,Nord CE 3 Lite 5G , Pastel Lime,8GB RAM,19999
1307,vivo,T2x 5G , Glimmer Black,6GB RAM,12999
1308,Apple,iPhone 15 , Black,128GB,70990
1309,Apple,iPhone 15 , Blue,128GB,70990
1310,Apple,iPhone 15 , Black,256GB,81990
1311,vivo,Y17s , Forest Green,4GB RAM,10499
1312,vivo,Y17s , Glitter Purple,4GB RAM,10499
1313,Apple,iPhone 15 , Blue,256GB,81990
1314,OnePlus,Nord CE 3 5G , Grey,8GB,24999
1315,OnePlus,Nord CE 3 Lite 5G , Chromatic Gray,8GB RAM,19999
1316,Apple,iPhone 15 Plus , Black,128GB,81490
1317,Apple,iPhone 15 Plus , Blue,128GB,81490
1318,Apple,iPhone 15 , Pink,256GB,81990
1319,Apple,iPhone 15 , Green,256GB,81990
1320,vivo,Y28 5G , Crystal Purple,4GB RAM,13999
1321,Apple,iPhone 15 , Green,128GB,70990
1322,OnePlus,Nord CE3 5G , Aqua Surge,8GB RAM,24999
1323,Apple,iPhone 15 , Pink,128GB,70990
1324,Apple,iPhone 15 Plus , Blue,256GB,92990
1325,Apple,iPhone 15 Plus , Pink,128GB,81490
1326,realme,C53 , Champion Gold,4GB RAM,8999
1327,OnePlus,Nord CE 3 Lite 5G , Pastel Lime,8GB RAM,19999
1328,vivo,T2x 5G , Glimmer Black,6GB RAM,12999
1329,Apple,iPhone 15 , Black,128GB,70990
1330,Apple,iPhone 15 , Blue,128GB,70990
1331,Apple,iPhone 15 , Black,256GB,81990
1332,vivo,Y17s , Forest Green,4GB RAM,10499
1333,vivo,Y17s , Glitter Purple,4GB RAM,10499
1334,Apple,iPhone 15 , Blue,256GB,81990
1335,OnePlus,Nord CE 3 5G , Grey,8GB,24999
1336,OnePlus,Nord CE 3 Lite 5G , Chromatic Gray,8GB RAM,19999
1337,Apple,iPhone 15 Plus , Black,128GB,81490
1338,Apple,iPhone 15 Plus , Blue,128GB,81490
1339,Apple,iPhone 15 , Pink,256GB,81990
1340,Apple,iPhone 15 , Green,256GB,81990
1341,vivo,Y28 5G , Crystal Purple,4GB RAM,13999
1342,Apple,iPhone 15 , Green,128GB,70990
1343,OnePlus,Nord CE3 5G , Aqua Surge,8GB RAM,24999
1344,Apple,iPhone 15 , Pink,128GB,70990
1345,Apple,iPhone 15 Plus , Blue,256GB,92990
1346,Apple,iPhone 15 Plus , Pink,128GB,81490
1347,realme,C53 , Champion Gold,4GB RAM,8999
1348,OnePlus,Nord CE 3 Lite 5G , Pastel Lime,8GB RAM,19999
1349,vivo,T2x 5G , Glimmer Black,6GB RAM,12999
1350,Apple,iPhone 15 , Black,128GB,70990
1351,Apple,iPhone 15 , Blue,128GB,70990
1352,Apple,iPhone 15 , Black,256GB,81990
1353,vivo,Y17s , Forest Green,4GB RAM,10499
1354,vivo,Y17s , Glitter Purple,4GB RAM,10499
1355,Apple,iPhone 15 , Blue,256GB,81990
1356,OnePlus,Nord CE 3 5G , Grey,8GB,24999
1357,OnePlus,Nord CE 3 Lite 5G , Chromatic Gray,8GB RAM,19999
1358,Apple,iPhone 15 Plus , Black,128GB,81490
1359,Apple,iPhone 15 Plus , Blue,128GB,81490
1360,Apple,iPhone 15 , Pink,256GB,81990
1361,Apple,iPhone 15 , Green,256GB,81990
1362,vivo,Y28 5G , Crystal Purple,4GB RAM,13999
1363,Apple,iPhone 15 , Green,128GB,70990
1364,OnePlus,Nord CE3 5G , Aqua Surge,8GB RAM,24999
1365,Apple,iPhone 15 , Pink,128GB,70990
1366,Apple,iPhone 15 Plus , Blue,256GB,92990
1367,Apple,iPhone 15 Plus , Pink,128GB,81490
1368,realme,C53 , Champion Gold,4GB RAM,8999
1369,OnePlus,Nord CE 3 Lite 5G , Pastel Lime,8GB RAM,19999
1370,vivo,T2x 5G , Glimmer Black,6GB RAM,12999
1371,Apple,iPhone 15 , Black,128GB,70990
1372,Apple,iPhone 15 , Blue,128GB,70990
1373,Apple,iPhone 15 , Black,256GB,81990
1374,vivo,Y17s , Forest Green,4GB RAM,10499
1375,vivo,Y17s , Glitter Purple,4GB RAM,10499
1376,Apple,iPhone 15 , Blue,256GB,81990
1377,OnePlus,Nord CE 3 5G , Grey,8GB,24999
1378,OnePlus,Nord CE 3 Lite 5G , Chromatic Gray,8GB RAM,19999
1379,Apple,iPhone 15 Plus , Black,128GB,81490
1380,Apple,iPhone 15 Plus , Blue,128GB,81490
1381,Apple,iPhone 15 , Pink,256GB,81990
1382,Apple,iPhone 15 , Green,256GB,81990
1383,vivo,Y28 5G , Crystal Purple,4GB RAM,13999
1384,Apple,iPhone 15 , Green,128GB,70990
1385,OnePlus,Nord CE3 5G , Aqua Surge,8GB RAM,24999
1386,Apple,iPhone 15 , Pink,128GB,70990
1387,Apple,iPhone 15 Plus , Blue,256GB,92990
1388,Apple,iPhone 15 Plus , Pink,128GB,81490
1389,realme,C53 , Champion Gold,4GB RAM,8999
1390,OnePlus,Nord CE 3 Lite 5G , Pastel Lime,8GB RAM,19999
1391,vivo,T2x 5G , Glimmer Black,6GB RAM,12999
1392,Apple,iPhone 15 , Black,128GB,70990
1393,Apple,iPhone 15 , Blue,128GB,70990
1394,Apple,iPhone 15 , Black,256GB,81990
1395,vivo,Y17s , Forest Green,4GB RAM,10499
1396,vivo,Y17s , Glitter Purple,4GB RAM,10499
1397,Apple,iPhone 15 , Blue,256GB,81990
1398,OnePlus,Nord CE 3 5G , Grey,8GB,24999
1399,OnePlus,Nord CE 3 Lite 5G , Chromatic Gray,8GB RAM,19999
1400,Apple,iPhone 15 Plus , Black,128GB,81490
1401,Apple,iPhone 15 Plus , Blue,128GB,81490
1402,Apple,iPhone 15 , Pink,256GB,81990
1403,Apple,iPhone 15 , Green,256GB,81990
1404,vivo,Y28 5G , Crystal Purple,4GB RAM,13999
1405,Apple,iPhone 15 , Green,128GB,70990
1406,OnePlus,Nord CE3 5G , Aqua Surge,8GB RAM,24999
1407,Apple,iPhone 15 , Pink,128GB,70990
1408,Apple,iPhone 15 Plus , Blue,256GB,92990
1409,Apple,iPhone 15 Plus , Pink,128GB,81490
1410,realme,C53 , Champion Gold,4GB RAM,8999
1411,OnePlus,Nord CE 3 Lite 5G , Pastel Lime,8GB RAM,19999
1412,vivo,T2x 5G , Glimmer Black,6GB RAM,12999
1413,Apple,iPhone 15 , Black,128GB,70990
1414,Apple,iPhone 15 , Blue,128GB,70990
1415,Apple,iPhone 15 , Black,256GB,81990
1416,vivo,Y17s , Forest Green,4GB RAM,10499
1417,vivo,Y17s , Glitter Purple,4GB RAM,10499
1418,Apple,iPhone 15 , Blue,256GB,81990
1419,OnePlus,Nord CE 3 5G , Grey,8GB,24999
1420,OnePlus,Nord CE 3 Lite 5G , Chromatic Gray,8GB RAM,19999
1421,Apple,iPhone 15 Plus , Black,128GB,81490
1422,Apple,iPhone 15 Plus , Blue,128GB,81490
1423,Apple,iPhone 15 , Pink,256GB,81990
1424,Apple,iPhone 15 , Green,256GB,81990
1425,vivo,Y28 5G , Crystal Purple,4GB RAM,13999
1426,Apple,iPhone 15 , Green,128GB,70990
1427,OnePlus,Nord CE3 5G , Aqua Surge,8GB RAM,24999
1428,Apple,iPhone 15 , Pink,128GB,70990
1429,Apple,iPhone 15 Plus , Blue,256GB,92990
1430,Apple,iPhone 15 Plus , Pink,128GB,81490
1431,realme,C53 , Champion Gold,4GB RAM,8999
1432,OnePlus,Nord CE 3 Lite 5G , Pastel Lime,8GB RAM,19999
