ID,Phone Name,Model,Color,Storage,Price,Flipkart1.ID,Flipkart1.Phone Name,Flipkart1.Model,Flipkart1.Color,Flipkart1.Storage,Flipkart1.Price,croma1.ID,croma1.Phone Name,croma1.Model,croma1.Color,croma1.Storage,croma1. Price
1,Samsung,Galaxy A15 5G , Light Blue,128GB ,17999,1,Motorola,G34 5G ,Ocean Green, 128 GB,11999,1,vivo,T2x 5G , Glimmer Black, 128GB,12999
2,Samsung,Galaxy A15 5G , Blue,128GB ,17999,2,Motorola,G34 5G ,Ice Blue, 128 GB,11999,2,Apple,iPhone 15 , Black, 128GB,70990
3,Samsung,Galaxy A15 5G , Blue Black,128GB ,17999,3,POCO,C55 ,Cool Blue, 128 GB,6499,3,Apple,iPhone 15 , Blue, 128GB,70990
4,Oneplus,12R 5G , Iron Gray,128GB ,39999,4,POCO,C55 ,Power Black, 128 GB,6499,4,Apple,iPhone 15 , Black, 128GB,81990
5,Oneplus,12R 5G , Cool Blue,128GB ,39999,5,POCO,C55 ,Forest Green, 128 GB,6499,5,vivo,Y17s , Forest Green, 128GB,10499
6,Vivo,Y200 5G , Jungle Green,256GB ,23999,6,Motorola,g54 5G ,Midnight Blue, 128 GB,13999,6,vivo,Y17s , Glitter Purple, 128GB,10499
7,Vivo,Y200 5G , Desert Gold,256GB ,23999,7,Motorola,G34 5G ,Ocean Green, 128 GB,10999,7,Apple,iPhone 15 , Blue, 128GB,81990
8,OnePlus,12 5G , Silky Black,512GB ,69999,8,OnePlus,Nord CE 3 Lite 5G ,Chromatic Gray, 256 GB,19558,8,OnePlus,Nord CE 3 5G , Grey, 128GB,24999
9,OnePlus,12 5G , Flowy Emerald,256GB ,64999,9,realme,C53 ,Champion Black, 64 GB,8999,9,OnePlus,Nord CE 3 Lite 5G , Chromatic Gray, 128GB,19999
10,OnePlus,12 5G , Silky Black,256GB ,64999,10,OnePlus,Nord CE 3 Lite 5G ,Pastel Lime, 256 GB,19608,10,Apple,iPhone 15 Plus , Black, 128GB,81490
11,Realme,12 Pro 5G , Navigator Beige,256GB ,26999,11,OnePlus,Nord CE 3 Lite 5G ,Chromatic Gray, 128 GB,17925,11,Apple,iPhone 15 Plus , Blue, 128GB,81490
12,Realme,12 Pro 5G , Submarine Blue,256GB ,26999,12,OnePlus,Nord CE 3 Lite 5G ,Pastel Lime, 128 GB,18058,12,Apple,iPhone 15 , Pink, 128GB,81990
13,Realme,12 Pro Plus 5G , Submarine Blue,256GB ,33999,13,realme,C53 ,Champion Gold, 64 GB,8999,13,Apple,iPhone 15 , Green, 128GB,81990
14,Realme,12 Pro Plus 5G , Navigator Beige,256GB ,33999,14,OnePlus,Nord CE 3 Lite 5G ,Chromatic Gray, 128 GB,18315,14,vivo,Y28 5G , Crystal Purple, 128GB,13999
15,Realme,12 Pro Plus 5G , Submarine Blue,128GB ,29999,15,Motorola,g54 5G ,Pearl Blue, 128 GB,13999,15,Apple,iPhone 15 , Green, 128GB,70990
16,Oppo,Reno 11 5G , Wave Green,256GB ,31999,16,vivo,T2x 5G ,Aurora Gold, 128 GB,14999,16,OnePlus,Nord CE3 5G , Aqua Surge, 128GB,24999
17,Oppo,Reno 11 5G , Rock Grey,256GB ,31999,17,Motorola,g54 5G ,Midnight Blue, 256 GB,15999,17,Apple,iPhone 15 , Pink, 128GB,70990
18,Samsung,Galaxy S24 Plus 5G , Cobalt Violet,512GB ,109999,18,Motorola,Edge 40 Neo ,Caneel Bay, 128 GB,22999,18,Apple,iPhone 15 Plus , Blue, 128GB,92990
19,Samsung,Galaxy S24 5G , Onyx Black,512GB ,89999,19,POCO,C51 ,Royal Blue, 64 GB,5499,19,Apple,iPhone 15 Plus , Pink, 128GB,81490
20,Samsung,Galaxy S24 5G , Cobalt Violet,512GB ,89999,20,vivo,T2x 5G ,Glimmer Black, 128 GB,12999,20,realme,C53 , Champion Gold, 128GB,8999
21,Samsung,Galaxy S24 5G , Cobalt Violet,256GB ,79999,21,vivo,T2x 5G ,Marine Blue, 128 GB,12999,21,OnePlus,Nord CE 3 Lite 5G , Pastel Lime, 128GB,19999
22,Samsung,Galaxy S24 5G , Amber Yellow,256GB ,79999,22,vivo,T2x 5G ,Aurora Gold, 128 GB,12999,22,vivo,T2x 5G , Glimmer Black, 128GB,12999
23,Samsung,Galaxy S24 5G , Amber Yellow,512GB ,89999,23,realme,11x 5G ,Midnight Black, 128 GB,14999,23,Apple,iPhone 15 , Black, 128GB,70990
24,Samsung,Galaxy S24 5G , Onyx Black,256GB ,79999,24,vivo,T2x 5G ,Marine Blue, 128 GB,14999,24,Apple,iPhone 15 , Blue, 128GB,70990
25,Samsung,Galaxy S24 Plus 5G , Onyx Black,256GB ,99999,25,Motorola,G34 5G ,Ocean Green, 128 GB,11999,25,Apple,iPhone 15 , Black,256GB,81990
26,Samsung,Galaxy S24 Plus 5G , Onyx Black,512GB ,109999,26,Motorola,G34 5G ,Ice Blue, 128 GB,11999,26,vivo,Y17s , Forest Green,4GB RAM,10499
27,Samsung,Galaxy S24 Ultra 5G , Titanium Violet,512GB ,139999,27,POCO,C55 ,Cool Blue, 128 GB,6499,27,vivo,Y17s , Glitter Purple,4GB RAM,10499
28,Samsung,Galaxy S24 Ultra 5G , Titanium Gray,512GB ,139999,28,POCO,C55 ,Power Black, 128 GB,6499,28,Apple,iPhone 15 , Blue,256GB,81990
29,Samsung,Galaxy S24 Ultra 5G , Titanium Violet,256GB ,129999,29,POCO,C55 ,Forest Green, 128 GB,6499,29,OnePlus,Nord CE 3 5G , Grey,8GB,24999
30,Samsung,Galaxy S24 Ultra 5G , Titanium Gray,256GB ,129999,30,Motorola,g54 5G ,Midnight Blue, 128 GB,13999,30,OnePlus,Nord CE 3 Lite 5G , Chromatic Gray,8GB RAM,19999
31,Samsung,Galaxy S24 Ultra 5G , Titanium Black,256GB ,129999,31,Motorola,G34 5G ,Ocean Green, 128 GB,10999,31,Apple,iPhone 15 Plus , Black,128GB,81490
32,Samsung,Galaxy S24 Ultra 5G , Titanium Black,512GB ,139999,32,OnePlus,Nord CE 3 Lite 5G ,Chromatic Gray, 256 GB,19558,32,Apple,iPhone 15 Plus , Blue,128GB,81490
33,Samsung,Galaxy S24 Ultra 5G , Titanium Gray,1TB ,159999,33,OnePlus,Nord CE 3 Lite 5G ,Pastel Lime, 256 GB,19608,33,Apple,iPhone 15 , Pink,256GB,81990
34,Oppo,Reno 11 5G , Wave Green,128GB ,29999,34,realme,C53 ,Champion Black, 64 GB,8999,34,Apple,iPhone 15 , Green,256GB,81990
35,Oppo,Reno 11 5G , Rock Grey,128GB ,29999,35,OnePlus,Nord CE 3 Lite 5G ,Chromatic Gray, 128 GB,18315,35,vivo,Y28 5G , Crystal Purple,4GB RAM,13999
36,Oppo,Reno 11 Pro 5G , Rock Grey,256GB ,39999,36,OnePlus,Nord CE 3 Lite 5G ,Chromatic Gray, 128 GB,17923,36,Apple,iPhone 15 , Green,128GB,70990
37,Oppo,Reno 11 Pro 5G , Pearl White,256GB ,39999,37,realme,C53 ,Champion Gold, 64 GB,8999,37,OnePlus,Nord CE3 5G , Aqua Surge,8GB RAM,24999
38,Samsung,Galaxy A14 5G , Light Green,128GB ,14499,38,Motorola,g54 5G ,Pearl Blue, 128 GB,13999,38,Apple,iPhone 15 , Pink,128GB,70990
39,Samsung,Galaxy A14 5G , Black,128GB ,14499,39,vivo,T2x 5G ,Aurora Gold, 128 GB,14999,39,Apple,iPhone 15 Plus , Blue,256GB,92990
40,Samsung,Galaxy A14 5G , Dark Red,128GB ,14499,40,Motorola,g54 5G ,Midnight Blue, 256 GB,15999,40,Apple,iPhone 15 Plus , Pink,128GB,81490
41,Samsung,Galaxy A15 5G , Light Blue,128GB ,17999,41,Motorola,Edge 40 Neo ,Caneel Bay, 128 GB,22999,41,realme,C53 , Champion Gold,4GB RAM,8999
42,Samsung,Galaxy A15 5G , Blue,128GB ,17999,42,POCO,C51 ,Royal Blue, 64 GB,5499,42,OnePlus,Nord CE 3 Lite 5G , Pastel Lime,8GB RAM,19999
43,Samsung,Galaxy A15 5G , Blue Black,128GB ,17999,43,vivo,T2x 5G ,Glimmer Black, 128 GB,12999,43,vivo,T2x 5G , Glimmer Black,6GB RAM,12999
44,Oneplus,12R 5G , Iron Gray,128GB ,39999,44,vivo,T2x 5G ,Marine Blue, 128 GB,12999,44,Apple,iPhone 15 , Black,128GB,70990
45,Oneplus,12R 5G , Cool Blue,128GB ,39999,45,vivo,T2x 5G ,Aurora Gold, 128 GB,12999,45,Apple,iPhone 15 , Blue,128GB,70990
46,Vivo,Y200 5G , Jungle Green,256GB ,23999,46,vivo,T2x 5G ,Marine Blue, 128 GB,14999,46,Apple,iPhone 15 , Black,256GB,81990
47,Vivo,Y200 5G , Desert Gold,256GB ,23999,47,vivo,T2x 5G ,Glimmer Black, 128 GB,14999,47,vivo,Y17s , Forest Green,4GB RAM,10499
48,OnePlus,12 5G , Silky Black,512GB ,69999,48,vivo,T2x 5G ,Marine Blue, 128 GB,11999,48,vivo,Y17s , Glitter Purple,4GB RAM,10499
49,OnePlus,12 5G , Flowy Emerald,256GB ,64999,49,SAMSUNG,Galaxy F14 5G ,GOAT Green, 128 GB,13490,49,Apple,iPhone 15 , Blue,256GB,81990
50,OnePlus,12 5G , Silky Black,256GB ,64999,50,Infinix,SMART 8 ,Timber Black, 128 GB,8999,50,OnePlus,Nord CE 3 5G , Grey,8GB,24999
51,Realme,12 Pro 5G , Navigator Beige,256GB ,26999,51,SAMSUNG,Galaxy F14 5G ,OMG Black, 128 GB,13490,51,OnePlus,Nord CE 3 Lite 5G , Chromatic Gray,8GB RAM,19999
52,Realme,12 Pro 5G , Submarine Blue,256GB ,26999,52,REDMI,A2 ,Aqua Blue, 64 GB,5499,52,Apple,iPhone 15 Plus , Black,128GB,81490
53,Realme,12 Pro Plus 5G , Submarine Blue,256GB ,33999,53,Motorola,G34 5G ,Ocean Green, 128 GB,10999,53,Apple,iPhone 15 Plus , Blue,128GB,81490
54,Realme,12 Pro Plus 5G , Navigator Beige,256GB ,33999,54,Motorola,g54 5G ,Midnight Blue, 128 GB,13999,54,Apple,iPhone 15 , Pink,256GB,81990
55,Realme,12 Pro Plus 5G , Submarine Blue,128GB ,29999,55,POCO,C55 ,Forest Green, 128 GB,6499,55,Apple,iPhone 15 , Green,256GB,81990
56,Oppo,Reno 11 5G , Wave Green,256GB ,31999,56,vivo,T2 5G ,Nitro Blaze, 128 GB,17999,56,vivo,Y28 5G , Crystal Purple,4GB RAM,13999
57,Oppo,Reno 11 5G , Rock Grey,256GB ,31999,57,Apple,iPhone 15 ,Blue, 128 GB,70999,57,Apple,iPhone 15 , Green,128GB,70990
58,Samsung,Galaxy S24 Plus 5G , Cobalt Violet,512GB ,109999,58,POCO,C65 ,Pastel Blue, 128 GB,7499,58,OnePlus,Nord CE3 5G , Aqua Surge,8GB RAM,24999
59,Samsung,Galaxy S24 5G , Onyx Black,512GB ,89999,59,realme,12 Pro+ 5G ,Navigator Beige, 256 GB,33999,59,Apple,iPhone 15 , Pink,128GB,70990
60,Samsung,Galaxy S24 5G , Cobalt Violet,512GB ,89999,60,Infinix,SMART 8 ,Shiny Gold, 128 GB,8999,60,Apple,iPhone 15 Plus , Blue,256GB,92990
61,Samsung,Galaxy S24 5G , Cobalt Violet,256GB ,79999,61,Motorola,g54 5G ,Mint Green, 128 GB,13999,61,Apple,iPhone 15 Plus , Pink,128GB,81490
62,Samsung,Galaxy S24 5G , Amber Yellow,256GB ,79999,62,SAMSUNG,Galaxy F14 5G ,GOAT Green, 128 GB,11990,62,realme,C53 , Champion Gold,4GB RAM,8999
63,Samsung,Galaxy S24 5G , Amber Yellow,512GB ,89999,63,Infinix,SMART 8 ,Galaxy White, 128 GB,8999,63,OnePlus,Nord CE 3 Lite 5G , Pastel Lime,8GB RAM,19999
64,Samsung,Galaxy S24 5G , Onyx Black,256GB ,79999,64,SAMSUNG,Galaxy F04 ,Jade Purple, 64 GB,7999,64,vivo,T2x 5G , Glimmer Black,6GB RAM,12999
65,Samsung,Galaxy S24 Plus 5G , Onyx Black,256GB ,99999,65,Apple,iPhone 14 ,Blue, 128 GB,56999,65,Apple,iPhone 15 , Black,128GB,70990
66,Samsung,Galaxy S24 Plus 5G , Onyx Black,512GB ,109999,66,Motorola,g54 5G ,Pearl Blue, 128 GB,13999,66,Apple,iPhone 15 , Blue,128GB,70990
67,Samsung,Galaxy S24 Ultra 5G , Titanium Violet,512GB ,139999,67,OnePlus,Nord CE 3 Lite 5G ,Pastel lime, 256 GB,19532,67,Apple,iPhone 15 , Black,256GB,81990
68,Samsung,Galaxy S24 Ultra 5G , Titanium Gray,512GB ,139999,68,Motorola,g54 5G ,Midnight Blue, 256 GB,15999,68,vivo,Y17s , Forest Green,4GB RAM,10499
69,Samsung,Galaxy S24 Ultra 5G , Titanium Violet,256GB ,129999,69,vivo,T2 5G ,Nitro Blaze, 128 GB,15999,69,vivo,Y17s , Glitter Purple,4GB RAM,10499
70,Samsung,Galaxy S24 Ultra 5G , Titanium Gray,256GB ,129999,70,Infinix,HOT 30i ,Mirror Black, 64 GB,8399,70,Apple,iPhone 15 , Blue,256GB,81990
71,Samsung,Galaxy S24 Ultra 5G , Titanium Black,256GB ,129999,71,vivo,T2x 5G ,Sunstone Orange, 128 GB,12999,71,OnePlus,Nord CE 3 5G , Grey,8GB,24999
72,Samsung,Galaxy S24 Ultra 5G , Titanium Black,512GB ,139999,72,Infinix,HOT 30i ,Marigold, 64 GB,8399,72,OnePlus,Nord CE 3 Lite 5G , Chromatic Gray,8GB RAM,19999
73,Samsung,Galaxy S24 Ultra 5G , Titanium Gray,1TB ,159999,73,SAMSUNG,Galaxy F14 5G ,B.A.E. Purple, 128 GB,11990,73,Apple,iPhone 15 Plus , Black,128GB,81490
74,Oppo,Reno 11 5G , Wave Green,128GB ,29999,74,REDMI,12,Pastel Blue, 128 GB,10499,74,Apple,iPhone 15 Plus , Blue,128GB,81490
75,Oppo,Reno 11 5G , Rock Grey,128GB ,29999,75,OnePlus,Nord CE 3 Lite 5G ,Chromatic Gray, 128 GB,18315,75,Apple,iPhone 15 , Pink,256GB,81990
76,Oppo,Reno 11 Pro 5G , Rock Grey,256GB ,39999,76,Infinix,HOT 30i ,Mirror Black, 128 GB,8299,76,Apple,iPhone 15 , Green,256GB,81990
77,Oppo,Reno 11 Pro 5G , Pearl White,256GB ,39999,77,POCO,M6 5G ,Orion Blue, 128 GB,10499,77,vivo,Y28 5G , Crystal Purple,4GB RAM,13999
78,Samsung,Galaxy A14 5G , Light Green,128GB ,14499,78,vivo,T2x 5G ,Black Gladiator, 128 GB,12999,78,Apple,iPhone 15 , Green,128GB,70990
79,Samsung,Galaxy A14 5G , Black,128GB ,14499,79,Infinix,HOT 30i ,Diamond White, 128 GB,8299,79,OnePlus,Nord CE3 5G , Aqua Surge,8GB RAM,24999
80,Samsung,Galaxy A14 5G , Dark Red,128GB ,14499,80,Infinix,HOT 30i ,Diamond White, 64 GB,8399,80,Apple,iPhone 15 , Pink,128GB,70990
81,Vivo,Y28 5G , Crystal Purple,128GB ,13999,81,Motorola,Edge 40 Neo ,Caneel Bay, 128 GB,22999,81,Apple,iPhone 15 Plus , Blue,256GB,92990
82,Vivo,Y28 5G , Glitter Aqua,128GB ,13999,82,POCO,X6 Pro 5G ,Spectre Black, 512 GB,28999,82,Apple,iPhone 15 Plus , Pink,128GB,81490
83,Vivo,Y28 5G , Glitter Aqua,128GB ,16999,83,Apple,iPhone 13 ,Starlight, 128 GB,52999,83,realme,C53 , Champion Gold,4GB RAM,8999
84,Vivo,Y28 5G , Crystal Purple,128GB ,16999,84,Infinix,SMART 7 ,Emerald Green, 64 GB,6999,84,OnePlus,Nord CE 3 Lite 5G , Pastel Lime,8GB RAM,19999
85,Vivo,Y28 5G , Glitter Aqua,128GB ,15499,85,POCO,M6 5G ,Orion Blue, 128 GB,9999,85,vivo,T2x 5G , Glimmer Black,6GB RAM,12999
86,Vivo,Y28 5G , Crystal Purple,128GB ,15499,86,SAMSUNG,Guru Music 2,0,0,1199,86,Apple,iPhone 15 , Black,128GB,70990
87,Itel,A05s , Nebula Black,64GB ,6199,87,REDMI,13C ,Starshine Green, 128 GB,7999,87,Apple,iPhone 15 , Blue,128GB,70990
88,Itel,A05s , Meadow Green,64GB ,6199,88,POCO,C55 ,Cool Blue, 64 GB,5999,88,Apple,iPhone 15 , Black,256GB,81990
89,Vivo,X100 Pro 5G , Asteriod Black,512GB ,89999,89,POCO,M6 Pro 5G ,Forest Green, 128 GB,10999,89,vivo,Y17s , Forest Green,4GB RAM,10499
90,Vivo,X100 5G , Asteriod Black,512GB ,69999,90,MOTOROLA,g24 Power ,Ink blue, 128 GB,8999,90,vivo,Y17s , Glitter Purple,4GB RAM,10499
91,Vivo,X100 5G , Asteriod Black,256GB ,63999,91,SAMSUNG,Galaxy F14 5G ,B.A.E. Purple, 128 GB,13490,91,Apple,iPhone 15 , Blue,256GB,81990
92,Vivo,X100 5G , Stargaze Blue,256GB ,63999,92,realme,12 Pro+ 5G ,Submarine Blue, 256 GB,33999,92,OnePlus,Nord CE 3 5G , Grey,8GB,24999
93,Vivo,X100 5G , Stargaze Blue,512GB ,69999,93,realme,12 Pro+ 5G ,Explorer Red, 256 GB,33999,93,OnePlus,Nord CE 3 Lite 5G , Chromatic Gray,8GB RAM,19999
94,Tecno,Camon 20s Pro 5G , Serenity Blue,256GB ,21999,94,realme,12 Pro 5G ,Navigator Beige, 128 GB,25999,94,Apple,iPhone 15 Plus , Black,128GB,81490
95,Redmi,Note 13 Pro Plus 5G , Fusion Black,256GB ,31999,95,POCO,M6 Pro 5G ,Power Black, 128 GB,10999,95,Apple,iPhone 15 Plus , Blue,128GB,81490
96,Redmi,Note 13 Pro Plus 5G , Fusion Black,256GB ,33999,96,POCO,C65 ,Pastel Green, 128 GB,7499,96,Apple,iPhone 15 , Pink,256GB,81990
97,Redmi,Note 13 Pro Plus 5G ,Fusion White,512GB ,35999,97,REDMI,13C ,Starfrost White, 128 GB,7999,97,Apple,iPhone 15 , Green,256GB,81990
98,Redmi,Note 13 Pro Plus 5G , Fusion Purple,256GB ,31999,98,REDMI,12 5G ,Pastel Blue, 128 GB,12999,98,vivo,Y28 5G , Crystal Purple,4GB RAM,13999
99,Redmi,Note 13 Pro Plus 5G , Fusion Purple,256GB ,33999,99,OnePlus,Nord CE 3 Lite 5G ,Pastel lime, 256 GB,19532,99,Apple,iPhone 15 , Green,128GB,70990
100,Redmi,Note 13 Pro Plus 5G , Fusion Black,512GB ,35999,100,POCO,C65 ,Pastel Blue, 128 GB,7499,100,OnePlus,Nord CE3 5G , Aqua Surge,8GB RAM,24999
101,Redmi,Note 13 Pro Plus 5G , Fusion White,256GB ,33999,101,Motorola,g54 5G ,Pearl Blue, 256 GB,15999,101,Apple,iPhone 15 , Pink,128GB,70990
102,Redmi,Note 13 Pro Plus 5G , Fusion White,256GB ,31999,102,POCO,M6 5G ,Orion Blue, 256 GB,11999,102,Apple,iPhone 15 Plus , Blue,256GB,92990
103,Redmi,Note 13 Pro Plus 5G , Fusion Purple,512GB ,35999,103,POCO,M6 Pro 5G ,Power Black, 256 GB,12999,103,Apple,iPhone 15 Plus , Pink,128GB,81490
104,Redmi,Note 13 Pro 5G ,Midnight Black,256GB,29999,104,realme,12 Pro 5G ,Submarine Blue, 256 GB,26999,104,realme,C53 , Champion Gold,4GB RAM,8999
105,Redmi,Note 13 Pro 5G , Coral Purple,128GB ,25999,105,POCO,M6 5G ,Galactic Black, 128 GB,9999,105,OnePlus,Nord CE 3 Lite 5G , Pastel Lime,8GB RAM,19999
106,Redmi,Note 13 Pro 5G , Coral Purple,256GB ,27999,106,REDMI,13C ,Stardust Black, 128 GB,7999,106,vivo,T2x 5G , Glimmer Black,6GB RAM,12999
107,Redmi,Note 13 Pro 5G , Midnight Black,256GB ,27999,107,SAMSUNG,Galaxy F14 5G ,GOAT Green, 128 GB,13490,107,Apple,iPhone 15 , Black,128GB,70990
108,Redmi,Note 13 Pro 5G , Coral Purple,256GB ,29999,108,realme,12 Pro+ 5G ,Navigator Beige, 256 GB,31999,108,Apple,iPhone 15 , Blue,128GB,70990
109,Redmi,Note 13 Pro 5G , Arctic White,128GB ,25999,109,realme,12 Pro+ 5G ,Explorer Red, 256 GB,31999,109,Apple,iPhone 15 , Black,256GB,81990
110,Redmi,Note 13 Pro 5G , Arctic White,256GB ,29999,110,realme,C53 ,Champion Gold, 128 GB,9499,110,vivo,Y17s , Forest Green,4GB RAM,10499
111,Redmi,Note 13 Pro 5G , Arctic White,256GB ,27999,111,POCO,M6 Pro 5G ,Forest Green, 256 GB,12999,111,vivo,Y17s , Glitter Purple,4GB RAM,10499
112,Redmi,Note 13 Pro 5G , Midnight Black,128GB ,25999,112,SAMSUNG,Galaxy F14 5G ,GOAT Green, 128 GB,11990,112,Apple,iPhone 15 , Blue,256GB,81990
113,Redmi,Note 13 5G , Arctic White,256GB ,19999,113,Motorola,G34 5G ,Charcoal Black, 128 GB,10999,113,OnePlus,Nord CE 3 5G , Grey,8GB,24999
114,Redmi,Note 13 5G , Arctic White,256GB ,21999,114,Infinix,SMART 8 HD ,Crystal Green, 64 GB,6399,114,OnePlus,Nord CE 3 Lite 5G , Chromatic Gray,8GB RAM,19999
115,Redmi,Note 13 5G , Prism Gold,128GB ,17999,115,Infinix,SMART 8 HD ,Timber Black, 64 GB,6399,115,Apple,iPhone 15 Plus , Black,128GB,81490
116,Redmi,Note 13 5G , Prism Gold,256GB ,19999,116,Infinix,SMART 8 HD ,Galaxy White, 64 GB,6399,116,Apple,iPhone 15 Plus , Blue,128GB,81490
117,Redmi,Note 13 5G , Arctic White,128GB ,17999,117,Infinix,SMART 8 HD ,Shiny Gold, 64 GB,6399,117,Apple,iPhone 15 , Pink,256GB,81990
118,Redmi,Note 13 5G , Stealth Black,256GB ,21999,118,realme,12 Pro+ 5G ,Submarine Blue, 128 GB,29999,118,Apple,iPhone 15 , Green,256GB,81990
119,Redmi,Note 13 5G , Stealth Black,128GB ,17999,119,Apple,iPhone 14 ,Midnight, 128 GB,56999,119,vivo,Y28 5G , Crystal Purple,4GB RAM,13999
120,Redmi,Note 13 5G , Stealth Black,256GB ,19999,120,Apple,iPhone 14 ,Starlight, 128 GB,56999,120,Apple,iPhone 15 , Green,128GB,70990
121,Redmi,Note 13 5G , Prism Gold,256GB ,21999,121,POCO,M6 Pro 5G ,Power Black, 128 GB,9999,121,OnePlus,Nord CE3 5G , Aqua Surge,8GB RAM,24999
122,Vivo,V29e 5G , Artistic Red,256GB ,28999,122,Infinix,SMART 8 ,Rainbow Blue, 128 GB,8999,122,Apple,iPhone 15 , Pink,128GB,70990
123,Vivo,V29e 5G , Artistic Red,128GB ,26999,123,Apple,iPhone 14 ,Blue, 128 GB,56999,123,Apple,iPhone 15 Plus , Blue,256GB,92990
124,Vivo,V29e 5G , Artistic Blue,256GB ,28999,124,MOTOROLA,g24 Power ,Ink blue, 128 GB,8999,124,Apple,iPhone 15 Plus , Pink,128GB,81490
125,Vivo,V29e 5G , Artistic Blue,128GB ,26999,125,Motorola,g84 5G ,Viva Magenta, 256 GB,17999,125,realme,C53 , Champion Gold,4GB RAM,8999
126,Samsung,Galaxy A25 5G , Yellow,128GB ,26999,126,REDMI,Note 13 Pro 5G ,Coral Purple, 128 GB,25999,126,OnePlus,Nord CE 3 Lite 5G , Pastel Lime,8GB RAM,19999
127,Samsung,Galaxy A25 5G , Yellow,256GB ,29999,127,POCO,X6 5G ,Mirror Black, 256 GB,21999,127,vivo,T2x 5G , Glimmer Black,6GB RAM,12999
128,Samsung,Galaxy A25 5G , Blue,256GB ,29999,128,Infinix,Note 30 5G ,Magic Black, 128 GB,14999,128,Apple,iPhone 15 , Black,128GB,70990
129,Samsung,Galaxy A25 5G , Blue Black,128GB ,26999,129,realme,12 Pro+ 5G ,Submarine Blue, 256 GB,31999,129,Apple,iPhone 15 , Blue,128GB,70990
130,Samsung,Galaxy A25 5G , Blue Black,256GB ,29999,130,realme,11 5G ,Glory Black, 256 GB,17999,130,Apple,iPhone 15 , Black,256GB,81990
131,Samsung,Galaxy A25 5G , Blue,128GB ,26999,131,realme,11 5G ,Glory Gold, 256 GB,17999,131,vivo,Y17s , Forest Green,4GB RAM,10499
132,Samsung,Galaxy A15 5G , Light Blue,128GB ,19499,132,vivo,T2 5G ,Nitro Blaze, 128 GB,17999,132,vivo,Y17s , Glitter Purple,4GB RAM,10499
133,Samsung,Galaxy A15 5G , Light Blue,256GB ,22499,133,POCO,X6 Pro 5G ,Spectre Black, 256 GB,26999,133,Apple,iPhone 15 , Blue,256GB,81990
134,Samsung,Galaxy A15 5G , Blue Black,256GB ,22499,134,SAMSUNG,Galaxy F14 5G ,B.A.E. Purple, 128 GB,11990,134,OnePlus,Nord CE 3 5G , Grey,8GB,24999
135,Samsung,Galaxy A15 5G , Blue,128GB ,19499,135,REDMI,12,Pastel Blue, 128 GB,10499,135,OnePlus,Nord CE 3 Lite 5G , Chromatic Gray,8GB RAM,19999
136,Samsung,Galaxy A15 5G , Blue Black,128GB ,19499,136,POCO,M6 Pro 5G ,Forest Green, 128 GB,9999,136,Apple,iPhone 15 Plus , Black,128GB,81490
137,Samsung,Galaxy A15 5G , Blue,256GB ,22499,137,Infinix,Note 30 5G ,Magic Black, 256 GB,14999,137,Apple,iPhone 15 Plus , Blue,128GB,81490
138,Vivo,Y17s , Forest Green,128GB ,11499,138,Infinix,Note 30 5G ,Sunset Gold, 256 GB,14999,138,Apple,iPhone 15 , Pink,256GB,81990
139,Vivo,Y17s , Glitter Purple,64GB ,10499,139,Infinix,Note 30 5G ,Interstellar Blue, 256 GB,14999,139,Apple,iPhone 15 , Green,256GB,81990
140,Vivo,Y17s , Glitter Purple,128GB ,11499,140,SAMSUNG,Galaxy F14 5G ,OMG Black, 128 GB,13490,140,vivo,Y28 5G , Crystal Purple,4GB RAM,13999
141,Vivo,Y17s , Forest Green,64GB ,10499,141,vivo,T2 5G ,Velocity Wave, 128 GB,15999,141,Apple,iPhone 15 , Green,128GB,70990
142,Vivo,T2 Pro 5G , Dune Gold,128GB ,23999,142,vivo,T2x 5G ,Sunstone Orange, 128 GB,11999,142,OnePlus,Nord CE3 5G , Aqua Surge,8GB RAM,24999
143,Vivo,T2 Pro 5G , Dune Gold,256GB ,24999,143,vivo,T2x 5G ,Black Gladiator, 128 GB,11999,143,Apple,iPhone 15 , Pink,128GB,70990
144,Vivo,T2 Pro 5G , New Moon Black,256GB ,24999,144,Infinix,Note 30 5G ,Interstellar Blue, 128 GB,14999,144,Apple,iPhone 15 Plus , Blue,256GB,92990
145,Vivo,T2 Pro 5G , New Moon Black,128GB ,23999,145,Apple,iPhone 15 Plus ,Black, 128 GB,82999,145,Apple,iPhone 15 Plus , Pink,128GB,81490
146,Samsung,Galaxy A05 , Black,64GB ,9999,146,Motorola,e13 ,Cosmic Black, 64 GB,6499,146,realme,C53 , Champion Gold,4GB RAM,8999
147,Samsung,Galaxy A05 , Silver,128GB ,12499,147,MOTOROLA,g24 Power ,Ink blue, 128 GB,7999,147,OnePlus,Nord CE 3 Lite 5G , Pastel Lime,8GB RAM,19999
148,Samsung,Galaxy A05 , Black,128GB ,12499,148,Infinix,Note 30 5G ,Sunset Gold, 128 GB,14999,148,vivo,T2x 5G , Glimmer Black,6GB RAM,12999
149,Samsung,Galaxy A05 , Light Green,64GB ,9999,149,Infinix,Note 30 5G ,Magic Black, 128 GB,14999,149,Apple,iPhone 15 , Black,128GB,70990
150,Samsung,Galaxy A05 , Light Green,128GB ,12499,150,POCO,M6 Pro 5G ,Forest Green, 256 GB,12999,150,Apple,iPhone 15 , Blue,128GB,70990
151,Samsung,Galaxy A05 , Silver,64GB ,9999,151,REDMI,13C ,Starfrost White, 128 GB,7999,151,Apple,iPhone 15 , Black,256GB,81990
152,Oppo,A59 5G , Starry Black,128GB ,13999,152,SAMSUNG,Guru Music 2,0,0,1199,152,vivo,Y17s , Forest Green,4GB RAM,10499
153,Oppo,A59 5G , Silk Gold,128GB ,13999,153,SAMSUNG,Galaxy F13 ,Waterfall Blue, 64 GB,9999,153,vivo,Y17s , Glitter Purple,4GB RAM,10499
154,Tecno,Camon 20s Pro 5G , Serenity Blue,128GB ,19999,154,Motorola,g84 5G ,Viva Magenta, 256 GB,17999,154,Apple,iPhone 15 , Blue,256GB,81990
155,Tecno,Camon 20s Pro 5G , Dark Welkin,128GB ,19999,155,SAMSUNG,Galaxy S23 5G ,Lavender, 128 GB,64999,155,OnePlus,Nord CE 3 5G , Grey,8GB,24999
156,Oppo,A59 5G , Starry Black,128GB ,15499,156,Motorola,G32 ,Mineral Gray, 128 GB,9999,156,OnePlus,Nord CE 3 Lite 5G , Chromatic Gray,8GB RAM,19999
157,Oppo,A59 5G , Silk Gold,128GB ,15499,157,Motorola,G34 5G ,Charcoal Black, 128 GB,11999,157,Apple,iPhone 15 Plus , Black,128GB,81490
158,Redmi,13C 5G , Startrail Silver,128GB ,12499,158,Motorola,Edge 40 ,Eclipse Black, 256 GB,26999,158,Apple,iPhone 15 Plus , Blue,128GB,81490
159,Redmi,13C 5G , Startrail Silver,256GB ,14499,159,Infinix,SMART 8 ,Galaxy White, 64 GB,7099,159,Apple,iPhone 15 , Pink,256GB,81990
160,Redmi,13C 5G , Startrail Green,128GB ,12499,160,Motorola,G32 ,Satin Silver, 128 GB,9999,160,Apple,iPhone 15 , Green,256GB,81990
161,Redmi,13C 5G , Starlight Black,256GB ,14499,161,realme,Narzo N53 ,Feather Black, 128 GB,11000,161,vivo,Y28 5G , Crystal Purple,4GB RAM,13999
162,Redmi,13C 5G , Starlight Black,128GB ,12499,162,POCO,X6 Pro 5G ,Yellow, 256 GB,26999,162,Apple,iPhone 15 , Green,128GB,70990
163,Redmi,13C 5G , Startrail Green,256GB ,14499,163,SAMSUNG,GURU MUSIC 2,0,0,1267,163,OnePlus,Nord CE3 5G , Aqua Surge,8GB RAM,24999
164,Realme,C67 5G , Sunny Oasis,128GB ,14499,164,Motorola,e13 ,Creamy White, 64 GB,6499,164,Apple,iPhone 15 , Pink,128GB,70990
165,Realme,C67 5G , Sunny Oasis,128GB ,12999,165,POCO,M6 5G ,Polaris Green, 128 GB,10499,165,Apple,iPhone 15 Plus , Blue,256GB,92990
166,Realme,C67 5G , Dark Purple,128GB ,12999,166,Motorola,e13 ,Aurora Green, 64 GB,6499,166,Apple,iPhone 15 Plus , Pink,128GB,81490
167,Realme,C67 5G , Dark Purple,128GB ,14499,167,REDMI,12 5G ,Pastel Blue, 256 GB,14999,167,realme,C53 , Champion Gold,4GB RAM,8999
168,Tecno,Spark GO 2024 , Magic Skin Green,64GB ,6799,168,REDMI,Note 12 Pro 5G ,Glacier Blue, 128 GB,21999,168,OnePlus,Nord CE 3 Lite 5G , Pastel Lime,8GB RAM,19999
169,Tecno,Spark GO 2024 , Mystery White,64GB ,6799,169,Apple,iPhone 15 ,Black, 128 GB,70999,169,vivo,T2x 5G , Glimmer Black,6GB RAM,12999
170,Tecno,Spark GO 2024 , Gravity Black,64GB ,6799,170,Motorola,Edge 40 ,Eclipse Black, 256 GB,26999,170,Apple,iPhone 15 , Black,128GB,70990
171,Samsung,Galaxy A05s , Black,128GB ,11499,171,MOTOROLA,g24 Power ,Glacier Blue, 128 GB,7999,171,Apple,iPhone 15 , Blue,128GB,70990
172,Samsung,Galaxy A05s , Light Violet,128GB ,11499,172,REDMI,13C ,Starshine Green, 128 GB,8999,172,Apple,iPhone 15 , Black,256GB,81990
173,Samsung,Galaxy A05s , Light Green,128GB ,11499,173,REDMI,12 5G ,Jade Black, 128 GB,12999,173,vivo,Y17s , Forest Green,4GB RAM,10499
174,Vivo,Y27 , Sea Blue,128GB ,11999,174,Motorola,Edge 40 Neo ,Peach Fuzz, 128 GB,22999,174,vivo,Y17s , Glitter Purple,4GB RAM,10499
175,Oppo,A79 5G ,Mystery Black,128GB,18999,175,POCO,X6 5G ,Snowstorm White, 256 GB,21999,175,Apple,iPhone 15 , Blue,256GB,81990
176,Oppo,A79 5G , Glowing Green,128GB ,18999,176,REDMI,12,Moonstone Silver, 128 GB,10499,176,OnePlus,Nord CE 3 5G , Grey,8GB,24999
177,Samsung,Galaxy A05s , Light Violet,128GB ,12999,177,Kechaoda,A26,0,0,999,177,OnePlus,Nord CE 3 Lite 5G , Chromatic Gray,8GB RAM,19999
178,Samsung,Galaxy A05s , Light Green,128GB ,12999,178,Motorola,e13 ,Cosmic Black, 64 GB,6499,178,Apple,iPhone 15 Plus , Black,128GB,81490
179,Samsung,Galaxy A05s , Black,128GB ,12999,179,OnePlus,Nord CE 2 Lite 5G ,Blue Tide, 128 GB,17836,179,Apple,iPhone 15 Plus , Blue,128GB,81490
180,Vivo,Y200 5G , Jungle Green,128GB ,21999,180,POCO,X6 Pro 5G ,Yellow, 512 GB,28999,180,Apple,iPhone 15 , Pink,256GB,81990
181,Vivo,Y200 5G , Desert Gold,128GB ,21999,181,POCO,X6 Pro 5G ,Racing Grey, 256 GB,26999,181,Apple,iPhone 15 , Green,256GB,81990
182,Oppo,A18 , Glowing Black,128GB ,10499,182,POCO,C65 ,Pastel Blue, 256 GB,8999,182,vivo,Y28 5G , Crystal Purple,4GB RAM,13999
183,Oppo,A18 , Glowing Blue,128GB ,10499,183,REDMI,13C ,Starfrost White, 128 GB,8999,183,Apple,iPhone 15 , Green,128GB,70990
184,Realme,C51 , Carbon Black,128GB ,8999,184,SAMSUNG,Guru 1200,0,0,1099,184,OnePlus,Nord CE3 5G , Aqua Surge,8GB RAM,24999
185,Realme,C51 , Mint Green,128GB ,8999,185,REDMI,Note 13 Pro 5G ,Coral Purple, 256 GB,27999,185,Apple,iPhone 15 , Pink,128GB,70990
186,Oppo,Find N3 Flip 5G , Cream Gold,256GB ,90998,186,POCO,M5 ,Power Black, 128 GB,7999,186,Apple,iPhone 15 Plus , Blue,256GB,92990
187,Oppo,Find N3 Flip 5G , Sleek Black,256GB ,90998,187,REDMI,Note 13 Pro 5G ,Midnight Black, 128 GB,25999,187,Apple,iPhone 15 Plus , Pink,128GB,81490
188,Nokia,C32 , Charcoal,128GB ,8999,188,OnePlus,Nord CE3 5G ,Aqua Surge, 128 GB,23672,188,realme,C53 , Champion Gold,4GB RAM,8999
189,Nokia,C32 , Beach Pink,128GB ,8999,189,OnePlus,Nord CE3 5G ,Grey Shimmer, 128 GB,23279,189,OnePlus,Nord CE 3 Lite 5G , Pastel Lime,8GB RAM,19999
190,Nokia,C32 , Breezy Mint,128GB ,8999,190,REDMI,Note 13 Pro 5G ,Arctic White, 128 GB,25999,190,vivo,T2x 5G , Glimmer Black,6GB RAM,12999
191,Nokia,G42 5G , So Grey,256GB ,16999,191,SAMSUNG,Guru FM Plus SM-B110E/D,0,0,1260,191,Apple,iPhone 15 , Black,128GB,70990
192,Nokia,G42 5G , So Pink,256GB ,16999,192,REDMI,A2 ,Aqua Blue, 64 GB,5499,192,Apple,iPhone 15 , Blue,128GB,70990
193,Nokia,G42 5G , So Purple,256GB ,16999,193,SAMSUNG,Guru Music 2 SM-B315E,0,0,1199,193,Apple,iPhone 15 , Black,256GB,81990
194,Itel,P40 , Luxurious Gold,128GB ,7499,194,REDMI,12,Jade Black, 128 GB,10499,194,vivo,Y17s , Forest Green,4GB RAM,10499
195,Itel,P40 , Force Black,128GB ,7499,195,POCO,M6 Pro 5G ,Forest Green, 128 GB,9999,195,vivo,Y17s , Glitter Purple,4GB RAM,10499
196,Samsung,Galaxy S23 FE 5G , Mint,128GB ,54999,196,POCO,M6 5G ,Galactic Black, 128 GB,9999,196,Apple,iPhone 15 , Blue,256GB,81990
197,Samsung,Galaxy S23 FE 5G , Graphite,256GB ,59999,197,IQOO,Z7s 5G ,?Pacific Night, 128 GB,16200,197,OnePlus,Nord CE 3 5G , Grey,8GB,24999
198,Samsung,Galaxy S23 FE 5G , Mint,256GB ,59999,198,MOTOROLA,g24 Power ,Glacier Blue, 128 GB,7999,198,OnePlus,Nord CE 3 Lite 5G , Chromatic Gray,8GB RAM,19999
199,Samsung,Galaxy S23 FE 5G , Purple,128GB ,54999,199,realme,11 5G ,Glory Black, 256 GB,17999,199,Apple,iPhone 15 Plus , Black,128GB,81490
200,Samsung,Galaxy S23 FE 5G , Graphite,128GB ,54999,200,REDMI,Note 13 Pro 5G ,Coral Purple, 128 GB,25999,200,Apple,iPhone 15 Plus , Blue,128GB,81490
201,Oppo,A18 , Glowing Black,64GB ,9999,201,POCO,X6 5G ,Mirror Black, 256 GB,21999,201,Apple,iPhone 15 , Pink,256GB,81990
202,Tecno,Phantom V Flip 5G , Iconic Black,256GB ,54999,202,realme,11 5G ,Glory Gold, 256 GB,17999,202,Apple,iPhone 15 , Green,256GB,81990
203,Tecno,Phantom V Flip 5G , Mystic Dawn,256GB ,54999,203,realme,12 Pro+ 5G ,Submarine Blue, 256 GB,31999,203,vivo,Y28 5G , Crystal Purple,4GB RAM,13999
204,Itel,S23 , Mystery White,128GB ,7999,204,Infinix,Note 30 5G ,Magic Black, 256 GB,14999,204,Apple,iPhone 15 , Green,128GB,70990
205,Itel,S23 , Starry Black,128GB ,7999,205,POCO,C51 - Locked with Airtel Prepaid ,Royal Blue, 64 GB,4999,205,OnePlus,Nord CE3 5G , Aqua Surge,8GB RAM,24999
206,Oppo,A18 , Glowing Blue,64GB ,9999,206,Motorola,e13 ,Little Boy Blue, 128 GB,7499,206,Apple,iPhone 15 , Pink,128GB,70990
207,Vivo,V29 Pro 5G , Himalayan Blue,256GB ,39999,207,Infinix,HOT 30i ,Marigold, 128 GB,8299,207,Apple,iPhone 15 Plus , Blue,256GB,92990
208,Vivo,V29 Pro 5G , Himalayan Blue,256GB ,42999,208,REDMI,12 5G ,Moonstone Silver, 128 GB,12999,208,Apple,iPhone 15 Plus , Pink,128GB,81490
209,Vivo,V29 Pro 5G , Space Black,256GB ,42999,209,Infinix,Note 30 5G ,Interstellar Blue, 256 GB,14999,209,realme,C53 , Champion Gold,4GB RAM,8999
210,Vivo,V29 Pro 5G , Space Black,256GB ,39999,210,REDMI,A2 ,Sea Green, 64 GB,6799,210,OnePlus,Nord CE 3 Lite 5G , Pastel Lime,8GB RAM,19999
211,Vivo,Y56 5G , Black Engine,128GB ,15999,211,Nokia,105,0,0,999,211,vivo,T2x 5G , Glimmer Black,6GB RAM,12999
212,Vivo,Y56 5G , Orange Shimmer,128GB ,15999,212,Kechaoda,A26_black,0,0,999,212,Apple,iPhone 15 , Black,128GB,70990
213,Vivo,V29 5G , Himalayan Blue,256GB ,36999,213,Infinix,SMART 7 ,Azure Blue, 64 GB,6999,213,Apple,iPhone 15 , Blue,128GB,70990
214,Vivo,V29 5G , Himalayan Blue,128GB ,32999,214,REDMI,12 5G ,Pastel Blue, 128 GB,12999,214,Apple,iPhone 15 , Black,256GB,81990
215,Vivo,V29 5G , Majestic Red,256GB ,36999,215,itel,Magic X Pro 4G,0,64 GB,1671,215,vivo,Y17s , Forest Green,4GB RAM,10499
216,Vivo,V29 5G , Majestic Red,128GB ,32999,216,Infinix,Note 30 5G ,Sunset Gold, 256 GB,14999,216,vivo,Y17s , Glitter Purple,4GB RAM,10499
217,Vivo,V29 5G , Space Black,128GB ,32999,217,Kechaoda,K112,0,0,1575,217,Apple,iPhone 15 , Blue,256GB,81990
218,Vivo,V29 5G , Space Black,256GB ,36999,218,POCO,C65 ,Pastel Blue, 256 GB,8999,218,OnePlus,Nord CE 3 5G , Grey,8GB,24999
219,Samsung,Galaxy A54 5G , Awesome White,256GB ,37499,219,Apple,iPhone 13 ,Blue, 128 GB,52999,219,OnePlus,Nord CE 3 Lite 5G , Chromatic Gray,8GB RAM,19999
220,Oppo,A38 , Glowing Black,128GB ,10999,220,Apple,iPhone 14 ,Purple, 128 GB,56999,220,Apple,iPhone 15 Plus , Black,128GB,81490
221,Oppo,A38 , Glowing Gold,128GB ,10999,221,realme,C53 ,Champion Black, 128 GB,8999,221,Apple,iPhone 15 Plus , Blue,128GB,81490
222,Redmi,A2 , Sea Green,64GB ,6799,222,POCO,M5 ,Power Black, 64 GB,6999,222,Apple,iPhone 15 , Pink,256GB,81990
223,Redmi,A2 , Aqua Blue,64GB ,6799,223,Motorola,Edge 40 Neo ,Black Beauty, 128 GB,22999,223,Apple,iPhone 15 , Green,256GB,81990
224,Redmi,A2 , Classic Black,64GB ,6799,224,Motorola,g84 5G ,Marshmallow Blue, 256 GB,17999,224,vivo,Y28 5G , Crystal Purple,4GB RAM,13999
225,Realme,C51 , Mint Green,64GB ,8999,225,IQOO,Z7s 5G ,Norway Blue, 128 GB,16199,225,Apple,iPhone 15 , Green,128GB,70990
226,Samsung,Galaxy S21 FE 5G SD , Graphite,256GB ,41999,226,POCO,M6 5G ,Polaris Green, 128 GB,9999,226,OnePlus,Nord CE3 5G , Aqua Surge,8GB RAM,24999
227,Samsung,Galaxy S21 FE 5G SD , Lavender,256GB ,41999,227,Nothing,Phone 2,Dark Grey, 512 GB,38999,227,Apple,iPhone 15 , Pink,128GB,70990
228,Samsung,Galaxy S21 FE 5G SD , Olive,256GB ,41999,228,SAMSUNG,Guru Music 2,0,0,1749,228,Apple,iPhone 15 Plus , Blue,256GB,92990
229,Samsung,Galaxy S21 FE 5G SD , Navy,256GB ,41999,229,realme,12 Pro+ 5G ,Explorer Red, 256 GB,31999,229,Apple,iPhone 15 Plus , Pink,128GB,81490
230,Redmi,A2 Plus , Aqua Blue,128GB ,7799,230,OnePlus,Nord CE3 5G ,Aqua Surge, 128 GB,23669,230,realme,C53 , Champion Gold,4GB RAM,8999
231,Redmi,A2 Plus , Classic Black,128GB ,7799,231,OnePlus,12R ,Cool Blue, 128 GB,39698,231,OnePlus,Nord CE 3 Lite 5G , Pastel Lime,8GB RAM,19999
232,Realme,11 5G , Glory Black.8GB-256GB ,0,19999,232,Kechaoda,A26,0,0,970,232,vivo,T2x 5G , Glimmer Black,6GB RAM,12999
233,Realme,11 5G , Glory Gold,256GB ,19999,233,REDMI,13C ,Starshine Green, 128 GB,8999,233,Apple,iPhone 15 , Black,128GB,70990
234,Nokia,C12 Pro , Purple,64GB ,7299,234,realme,Narzo N53 ,Feather Gold, 64 GB,7868,234,Apple,iPhone 15 , Blue,128GB,70990
235,Tecno,Camon 20 Pro 5G , Serenity Blue,256GB ,21999,235,Apple,iPhone 15 ,Pink, 128 GB,70999,235,Apple,iPhone 15 , Black,256GB,81990
236,Oppo,A58 , Glowing Black,128GB ,12999,236,POCO,M4 Pro ,Yellow, 128 GB,10999,236,vivo,Y17s , Forest Green,4GB RAM,10499
237,Oppo,A58 , Dazzling Green,128GB ,12999,237,OnePlus,12R ,Irony Gray, 128 GB,39988,237,vivo,Y17s , Glitter Purple,4GB RAM,10499
238,Tecno,Spark Go 2023 , Nebula Purple,32GB ,6499,238,REDMI,12 5G ,Moonstone Silver, 256 GB,14999,238,Apple,iPhone 15 , Blue,256GB,81990
239,Redmi,12 5G , Pastel Blue,256GB ,14999,239,REDMI,A2 ,Aqua Blue, 64 GB,6799,239,OnePlus,Nord CE 3 5G , Grey,8GB,24999
240,Redmi,12 5G , Moonstone Silver,256GB ,14999,240,REDMI,13c 5G ,Startrail Green, 256 GB,14019,240,OnePlus,Nord CE 3 Lite 5G , Chromatic Gray,8GB RAM,19999
241,Redmi,12 5G , Jade Black,256GB ,14999,241,REDMI,Note 12 5G ,Matte Black, 128 GB,15499,241,Apple,iPhone 15 Plus , Black,128GB,81490
242,Redmi,12 5G , Pastel Blue,128GB ,12999,242,REDMI,12,Jade Black, 128 GB,9999,242,Apple,iPhone 15 Plus , Blue,128GB,81490
243,Redmi,12 5G , Moonstone Silver,128GB ,12999,243,REDMI,Note 13 5G ,Stealth Black, 256 GB,20840,243,Apple,iPhone 15 , Pink,256GB,81990
244,Redmi,12 5G , Jade Black,128GB ,12999,244,REDMI,Note 13 5G ,Prism Gold, 256 GB,21146,244,Apple,iPhone 15 , Green,256GB,81990
245,Redmi,12, Pastel Blue,128GB ,10999,245,realme,Narzo 60 5G ,Mars Orange, 128 GB,14634,245,vivo,Y28 5G , Crystal Purple,4GB RAM,13999
246,Redmi,12, Jade Black,128GB ,10999,246,Motorola,Edge 40 Neo ,Peach Fuzz, 256 GB,24999,246,Apple,iPhone 15 , Green,128GB,70990
247,Redmi,12, Moonstone Silver,128GB ,10999,247,SAMSUNG,Galaxy S24 Ultra 5G ,Titanium Gray, 256 GB,129999,247,OnePlus,Nord CE3 5G , Aqua Surge,8GB RAM,24999
248,Redmi,Note 12 5G , Sunrise Gold,128GB ,16999,248,Infinix,SMART 7 ,Emerald Green, 128 GB,7799,248,Apple,iPhone 15 , Pink,128GB,70990
249,Oppo,A78 4G , Aqua Green,128GB ,15499,249,Infinix,SMART 7 ,Night Black, 128 GB,7799,249,Apple,iPhone 15 Plus , Blue,256GB,92990
250,Oppo,A78 4G , Mist Black,128GB ,15499,250,realme,Narzo 60 5G ,Mars Orange, 256 GB,18990,250,Apple,iPhone 15 Plus , Pink,128GB,81490
251,Samsung,Galaxy Z Fold 5 5G , Icy Blue,256GB ,154999,251,OnePlus,Nord CE 3 Lite 5G ,Pastel Lime, 128 GB,18147,251,realme,C53 , Champion Gold,4GB RAM,8999
252,Samsung,Galaxy Z Fold 5 5G , Phantom Black,256GB ,154999,252,Motorola,G32 ,Satin Maroon, 128 GB,9999,252,OnePlus,Nord CE 3 Lite 5G , Pastel Lime,8GB RAM,19999
253,Samsung,Galaxy Z Fold 5 5G , Cream,256GB ,154999,253,realme,Narzo 60x 5G,0,0,11974,253,vivo,T2x 5G , Glimmer Black,6GB RAM,12999
254,Samsung,Galaxy Z Flip 5 5G , Graphite,512GB ,109999,254,Infinix,HOT 30 5G ,Knight Black, 128 GB,11499,254,Apple,iPhone 15 , Black,128GB,70990
255,Samsung,Galaxy Z Flip 5 5G , Cream,512GB ,109999,255,REDMI,Note 13 5G ,Arctic White, 256 GB,21610,255,Apple,iPhone 15 , Blue,128GB,70990
256,Samsung,Galaxy Z Flip 5 5G , Mint,512GB ,109999,256,Motorola,e13 ,Cosmic Black, 128 GB,7499,256,Apple,iPhone 15 , Black,256GB,81990
257,Samsung,Galaxy Z Flip 5 5G , Lavender,256GB ,99999,257,SAMSUNG,Guru Music 2,0,0,1199,257,vivo,Y17s , Forest Green,4GB RAM,10499
258,Samsung,Galaxy Z Flip 5 5G , Graphite,256GB ,99999,258,Infinix,HOT 30 5G ,Aurora Blue, 128 GB,11499,258,vivo,Y17s , Glitter Purple,4GB RAM,10499
259,Samsung,Galaxy Z Flip 5 5G , Cream,256GB ,99999,259,Infinix,HOT 30i ,Glacier Blue, 128 GB,8299,259,Apple,iPhone 15 , Blue,256GB,81990
260,Samsung,Galaxy Z Flip 5 5G , Mint,256GB ,99999,260,Infinix,Hot 12 ,Exploratory Blue, 64 GB,8999,260,OnePlus,Nord CE 3 5G , Grey,8GB,24999
261,Vivo,Y27 , Burgundy Black,128GB ,11999,261,Infinix,Hot 12 ,Polar Black, 64 GB,8999,261,OnePlus,Nord CE 3 Lite 5G , Chromatic Gray,8GB RAM,19999
262,Vivo,Y27 , Garden Green,128GB ,11999,262,realme,12 Pro+ 5G ,Explorer Red, 128 GB,29999,262,Apple,iPhone 15 Plus , Black,128GB,81490
263,Oppo,Reno 10 5G ,Silvery Grey,256GB,32999,263,realme,12 Pro+ 5G ,Navigator Beige, 128 GB,29999,263,Apple,iPhone 15 Plus , Blue,128GB,81490
264,Oppo,Reno 10 5G ,Ice Blue,256GB,32999,264,Infinix,Hot 12 ,7ø Purple, 64 GB,8999,264,Apple,iPhone 15 , Pink,256GB,81990
265,OnePlus,Nord 3 5G ,Tempest Grey,128GB,33999,265,Infinix,Zero 30 5G ,Rome Green, 256 GB,22999,265,Apple,iPhone 15 , Green,256GB,81990
266,Oppo,Reno 10 Pro 5G , Silvery Grey,256GB ,37999,266,SAMSUNG,GURU MUSIC 2,0,0,1267,266,vivo,Y28 5G , Crystal Purple,4GB RAM,13999
267,Oppo,Reno 10 Pro 5G , Glossy Purple,256GB ,37999,267,Infinix,HOT 30i ,Marigold, 128 GB,8299,267,Apple,iPhone 15 , Green,128GB,70990
268,Oppo,Reno 10 Pro Plus 5G , Silvery Grey,256GB ,54999,268,Apple,iPhone 13 ,Green, 128 GB,52999,268,OnePlus,Nord CE3 5G , Aqua Surge,8GB RAM,24999
269,Oppo,Reno 10 Pro Plus 5G , Glossy Purple,256GB ,54999,269,Infinix,Zero 30 5G ,Golden Hour, 256 GB,21999,269,Apple,iPhone 15 , Pink,128GB,70990
270,Tecno,Spark 9T , Atlantic Blue,64GB ,7999,270,POCO,C65 ,Matte Black, 256 GB,8999,270,Apple,iPhone 15 Plus , Blue,256GB,92990
271,Realme,C53 , Champion Black,128GB ,8999,271,REDMI,A2 ,Aqua Blue, 64 GB,6799,271,Apple,iPhone 15 Plus , Pink,128GB,81490
272,Realme,C53 , Champion Gold,128GB ,8999,272,Nothing,Phone 2,Dark Grey, 512 GB,38999,272,realme,C53 , Champion Gold,4GB RAM,8999
273,Tecno,Camon 20 Pro 5G , Serenity Blue,128GB ,19999,273,Infinix,SMART 7 ,Azure Blue, 128 GB,7799,273,OnePlus,Nord CE 3 Lite 5G , Pastel Lime,8GB RAM,19999
274,Nokia,C32 , Breezy Mint,128GB ,7999,274,Infinix,SMART 7 ,Night Black, 128 GB,7799,274,vivo,T2x 5G , Glimmer Black,6GB RAM,12999
275,Vivo,Y02t , Cosmic Gray,64GB ,8499,275,Jio,PRIMA 4G,0,0,2759,275,Apple,iPhone 15 , Black,128GB,70990
276,Realme,11 Pro 5G , Astral Black,256GB ,27999,276,Infinix,SMART 7 ,Emerald Green, 128 GB,7799,276,Apple,iPhone 15 , Blue,128GB,70990
277,Realme,11 Pro 5G , Sunrise Beige,256GB ,24999,277,Nokia,105 Classic without Charger,0,0,999,277,Apple,iPhone 15 , Black,256GB,81990
278,Tecno,Spark Go 2023 , Orange,64GB ,6999,278,Nothing,Phone 2,White, 128 GB,39999,278,vivo,Y17s , Forest Green,4GB RAM,10499
279,Realme,11 Pro Plus 5G , Sunrise Beige,256GB ,29999,279,SAMSUNG,Guru Music 2,0,0,1199,279,vivo,Y17s , Glitter Purple,4GB RAM,10499
280,Nokia,C22 , Charcoal,64GB ,8799,280,Infinix,SMART 7 ,Night Black, 64 GB,6999,280,Apple,iPhone 15 , Blue,256GB,81990
281,Vivo,Y36 , Vibrant Gold,128GB ,14999,281,Infinix,SMART 7 ,Emerald Green, 64 GB,6999,281,OnePlus,Nord CE 3 5G , Grey,8GB,24999
282,Tecno,Camon 20 , Predawn Black,256GB ,12999,282,realme,Narzo 60 5G ,Cosmic Black, 128 GB,15735,282,OnePlus,Nord CE 3 Lite 5G , Chromatic Gray,8GB RAM,19999
283,Realme,11 Pro 5G, Oasis Green,128GB,23999,283,Infinix,SMART 7 ,Azure Blue, 64 GB,6999,283,Apple,iPhone 15 Plus , Black,128GB,81490
284,Vivo,Y100A 5G , Pacific Blue,128GB ,20999,284,realme,C67 5G ,Sunny Oasis, 128 GB,14499,284,Apple,iPhone 15 Plus , Blue,128GB,81490
285,Realme,C55 , Rainforest,64GB ,9999,285,realme,C67 5G ,Dark Purple, 128 GB,11999,285,Apple,iPhone 15 , Pink,256GB,81990
286,Nokia,C22 , Sand,64GB ,8799,286,Nothing,Phone 2,Dark Grey, 256 GB,36999,286,Apple,iPhone 15 , Green,256GB,81990
287,Oppo,F23 5G , Cool Black,256GB ,22999,287,Nokia,105 Single SIM,0,0,1199,287,vivo,Y28 5G , Crystal Purple,4GB RAM,13999
288,Vivo,Y22 , Starlit Blue,128GB ,12499,288,REDMI,12,Jade Black, 128 GB,10499,288,Apple,iPhone 15 , Green,128GB,70990
289,Redmi,Note 12 5G , Matte Black,256GB ,18999,289,Nothing,Phone 2,White, 256 GB,36999,289,OnePlus,Nord CE3 5G , Aqua Surge,8GB RAM,24999
290,Samsung,Galaxy A34 5G , Awesome Violet,256GB ,26499,290,realme,Narzo 60X 5G ,Stellar Green, 128 GB,12916,290,Apple,iPhone 15 , Pink,128GB,70990
291,Redmi,A2 Plus , Sea Green,64GB ,7499,291,Infinix,HOT 30i ,Diamond White, 128 GB,8299,291,Apple,iPhone 15 Plus , Blue,256GB,92990
292,Vivo,Y02t , Sunset Gold,64GB ,8499,292,Apple,iPhone 15 ,Green, 128 GB,70999,292,Apple,iPhone 15 Plus , Pink,128GB,81490
293,Nokia,C12 Pro , Charcoal,64GB ,7999,293,realme,Narzo 60X 5G ,Nebula Purple, 128 GB,12945,293,realme,C53 , Champion Gold,4GB RAM,8999
294,Vivo,Y22 , Metaverse Green,128GB ,12499,294,REDMI,Note 13 5G ,Stealth Black, 256 GB,20840,294,OnePlus,Nord CE 3 Lite 5G , Pastel Lime,8GB RAM,19999
295,Redmi,A2 , Aqua Blue,64GB ,5999,295,realme,Narzo 60x 5G ,Stellar Green, 128 GB,11715,295,vivo,T2x 5G , Glimmer Black,6GB RAM,12999
296,Realme,11 Pro 5G , Sunrise Beige,256GB ,27999,296,Infinix,HOT 30i ,Mirror Black, 64 GB,8399,296,Apple,iPhone 15 , Black,128GB,70990
297,Vivo,Y36 , Meteor Black,128GB ,14999,297,REDMI,Note 13 5G ,Arctic White, 256 GB,21500,297,Apple,iPhone 15 , Blue,128GB,70990
298,Redmi,Note 12 5G , Frosted Green,256GB ,18999,298,Infinix,HOT 30i ,Glacier Blue, 64 GB,8399,298,Apple,iPhone 15 , Black,256GB,81990
299,Nokia,C12 Pro , Light Mint,64GB ,7999,299,Infinix,HOT 30i ,Marigold, 64 GB,8399,299,vivo,Y17s , Forest Green,4GB RAM,10499
300,Nokia,C22 , Purple,64GB ,8799,300,Infinix,HOT 30i ,Diamond White, 64 GB,8399,300,vivo,Y17s , Glitter Purple,4GB RAM,10499
301,Tecno,Spark 10 , Meta Blue,128GB ,9999,301,itel,Magic X Pro 4G,0,64 GB,1671,301,Apple,iPhone 15 , Blue,256GB,81990
302,Samsung,Galaxy A14 , Light Green,64GB ,11999,302,realme,C67 5G ,Dark Purple, 128 GB,14499,302,OnePlus,Nord CE 3 5G , Grey,8GB,24999
303,Nokia,C12 Pro , Dark Cyan,64GB ,7999,303,SAMSUNG,Galaxy F54 5G ,Meteor Blue, 256 GB,24999,303,OnePlus,Nord CE 3 Lite 5G , Chromatic Gray,8GB RAM,19999
304,Oppo,F23 5G , Bold Gold,256GB ,22999,304,REDMI,12,Jade Black, 128 GB,9999,304,Apple,iPhone 15 Plus , Black,128GB,81490
305,Redmi,12C , Matte Black,128GB ,7799,305,SAMSUNG,Galaxy M14 5G ,Icy Silver, 128 GB,11980,305,Apple,iPhone 15 Plus , Blue,128GB,81490
306,Nokia,C32 , Charcoal,64GB ,7499,306,IQOO,Z7s 5G ,Pacific Night, 128 GB,19190,306,Apple,iPhone 15 , Pink,256GB,81990
307,Realme,C55 , Rianforest,128GB ,13999,307,IQOO,Z7S 5G ,Pacific Night, 128 GB,15881,307,Apple,iPhone 15 , Green,256GB,81990
308,Tecno,Spark 10 , Meta Black,128GB ,9999,308,REDMI,A2 ,Sea Green, 64 GB,6799,308,vivo,Y28 5G , Crystal Purple,4GB RAM,13999
309,Vivo,Y100A 5G , Twilight Gold,128GB ,20999,309,REDMI,Note 13 5G ,Stealth Black, 256 GB,18900,309,Apple,iPhone 15 , Green,128GB,70990
310,Vivo,T2x 5G , Marine Blue,128GB ,12999,310,REDMI,Note 12 Pro 5G ,Glacier Blue, 128 GB,21999,310,OnePlus,Nord CE3 5G , Aqua Surge,8GB RAM,24999
311,Redmi,A2 Plus , Classic Black,64GB ,7499,311,Infinix,HOT 30i ,Mirror Black, 128 GB,8299,311,Apple,iPhone 15 , Pink,128GB,70990
312,Vivo,T2x 5G , Glimmer Black,128GB ,14999,312,REDMI,Note 13 5G ,Prism Gold, 256 GB,21146,312,Apple,iPhone 15 Plus , Blue,256GB,92990
313,Tecno,Camon 20 , Serenity Blue,256GB ,12999,313,Motorola,Edge 40 ,Lunar Blue, 256 GB,26999,313,Apple,iPhone 15 Plus , Pink,128GB,81490
314,Tecno,Camon 20 , Art Edition,256GB ,12999,314,Infinix,Zero 30 5G ,Rome Green, 256 GB,21999,314,realme,C53 , Champion Gold,4GB RAM,8999
315,Vivo,T2x 5G , Aurora Gold,128GB ,12999,315,REDMI,13c 5G ,Startrail Silver, 256 GB,14106,315,OnePlus,Nord CE 3 Lite 5G , Pastel Lime,8GB RAM,19999
316,Tecno,Camon 20 Pro 5G , Dark Welkin,128GB,19999,316,REDMI,Note 13 5G ,Prism Gold, 128 GB,17227,316,vivo,T2x 5G , Glimmer Black,6GB RAM,12999
317,Tecno,Camon 20 , Glacier Glow,256GB ,12999,317,Motorola,e13 ,Aurora Green, 64 GB,6499,317,Apple,iPhone 15 , Black,128GB,70990
318,Nokia,C32 , Charcoal,128GB ,7999,318,SAMSUNG,Guru Music 2,0,0,1749,318,Apple,iPhone 15 , Blue,128GB,70990
319,Tecno,Spark 10 , Magic Skin Orange,128GB ,9999,319,Nokia,105 Single SIM,0, Keypad Mobile Phone with Wireless FM Radio,1199,319,Apple,iPhone 15 , Black,256GB,81990
320,Samsung,Galaxy A14 , Black,64GB ,11999,320,POCO,M6 5G ,Polaris Green, 128 GB,9999,320,vivo,Y17s , Forest Green,4GB RAM,10499
321,Tecno,Spark Go 2023 , Uyuni Blue,32GB ,6499,321,SAMSUNG,Galaxy M14 5G ,Berry Blue, 128 GB,11875,321,vivo,Y17s , Glitter Purple,4GB RAM,10499
322,Samsung,Galaxy A14 , Silver,64GB ,11999,322,Nothing,Phone 2,White, 512 GB,38999,322,Apple,iPhone 15 , Blue,256GB,81990
323,Nokia,C32 , Beach Pink,128GB ,7999,323,SAMSUNG,Galaxy M04 ,Dark Blue, 64 GB,6510,323,OnePlus,Nord CE 3 5G , Grey,8GB,24999
324,Tecno,Spark Go 2023 , Nebula Purple,64GB ,6999,324,OnePlus,12R ,Irony Gray, 128 GB,39990,324,OnePlus,Nord CE 3 Lite 5G , Chromatic Gray,8GB RAM,19999
325,Vivo,X90 5G , Breeze Blue,256GB ,59999,325,OnePlus,12R ,Cool Blue, 128 GB,39698,325,Apple,iPhone 15 Plus , Black,128GB,81490
326,Vivo,X90 Pro 5G , Legendary Black,256GB ,69999,326,REDMI,Note 13 Pro+ 5G ,Fusion Black, 256 GB,31999,326,Apple,iPhone 15 Plus , Blue,128GB,81490
327,Vivo,X90 5G , Breeze Blue,256GB ,55999,327,SAMSUNG,Galaxy F34 5G ,Orchid Violet, 128 GB,15999,327,Apple,iPhone 15 , Pink,256GB,81990
328,Vivo,X90 5G , Asteriod Black,256GB ,55999,328,REDMI,13c 5G ,Startrail Green, 128 GB,11908,328,Apple,iPhone 15 , Green,256GB,81990
329,Samsung,Galaxy A34 5G ,Awesome Lime,256GB,26499,329,REDMI,Note 13 5G ,Stealth Black, 128 GB,16897,329,vivo,Y28 5G , Crystal Purple,4GB RAM,13999
330,Vivo,X90 5G, Asteriod Black,256GB ,59999,330,SAMSUNG,Galaxy F34 5G ,Electric Black, 128 GB,15999,330,Apple,iPhone 15 , Green,128GB,70990
331,Itel,P40 , Luxurious Gold,64GB ,6799,331,REDMI,13c 5G ,Startrail Green, 128 GB,10894,331,OnePlus,Nord CE3 5G , Aqua Surge,8GB RAM,24999
332,Tecno,Spark 10 5G , Meta Blue,128GB ,13999,332,REDMI,Note 13 5G ,Arctic White, 128 GB,17486,332,Apple,iPhone 15 , Pink,128GB,70990
333,Redmi,Note 12 , Lunar Black,128GB ,13999,333,Nokia,105 SS ,0,0,1092,333,Apple,iPhone 15 Plus , Blue,256GB,92990
334,Redmi,Note 12 , Sunrise Gold,64GB ,10999,334,OnePlus,Nord CE 2 Lite 5G ,Black Dusk, 128 GB,17390,334,Apple,iPhone 15 Plus , Pink,128GB,81490
335,Vivo,V27 5G ,Noble Black,128GB,29999,335,REDMI,13c 5G ,Starlight Black, 128 GB,10800,335,realme,C53 , Champion Gold,4GB RAM,8999
336,Realme,C55 , Rainy Night,128GB ,13999,336,OnePlus,Nord CE 3 Lite 5G ,Chromatic Gray, 256 GB,19643,336,OnePlus,Nord CE 3 Lite 5G , Pastel Lime,8GB RAM,19999
337,Vivo,Y56 5G , Black Engine,128GB ,17999,337,Motorola,g14 ,Sky Blue, 128 GB,8499,337,vivo,T2x 5G , Glimmer Black,6GB RAM,12999
338,Nokia,C12 Pro , Charcoal,64GB ,7299,338,IQOO,Z6 Lite 5G  ,Stellar Green, 128 GB,12793,338,Apple,iPhone 15 , Black,128GB,70990
339,Nokia,C12 Pro , Dark Cyan,64GB ,7299,339,SAMSUNG,Galaxy M14 5G ,Berry Blue, 128 GB,10933,339,Apple,iPhone 15 , Blue,128GB,70990
340,Redmi,Note 12 , Ice Blue,64GB ,10999,340,SAMSUNG,Galaxy M14 5G ,Smoky Teal, 128 GB,10894,340,Apple,iPhone 15 , Black,256GB,81990
341,Redmi,Note 12 , Lunar Black,64GB ,10999,341,Nokia,105,0,0,1357,341,vivo,Y17s , Forest Green,4GB RAM,10499
342,Samsung,Galaxy S23 Ultra 5G , Green,256GB ,109999,342,REDMI,13c 5G ,Startrail Silver, 128 GB,10795,342,vivo,Y17s , Glitter Purple,4GB RAM,10499
343,Redmi,Note 12 , Ice Blue,128GB ,13999,343,Motorola,g14 ,Steel Gray, 128 GB,8499,343,Apple,iPhone 15 , Blue,256GB,81990
344,Vivo,V27 Pro 5G , Magic Blue,256GB ,38999,344,SAMSUNG,Galaxy M34 5G ,Prism Silver, 128 GB,15599,344,OnePlus,Nord CE 3 5G , Grey,8GB,24999
345,Nokia,C12 Pro , Light Mint,64GB ,7299,345,POCO,X6 5G ,Snowstorm White, 512 GB,24999,345,OnePlus,Nord CE 3 Lite 5G , Chromatic Gray,8GB RAM,19999
346,Vivo,V27 Pro 5G , Magic Blue,256GB ,36999,346,Apple,iPhone 14 Plus ,Blue, 128 GB,66999,346,Apple,iPhone 15 Plus , Black,128GB,81490
347,Samsung,Galaxy S23 5G , Cream,128GB ,64999,347,REDMI,13c 5G ,Starlight Black, 256 GB,13989,347,Apple,iPhone 15 Plus , Blue,128GB,81490
348,Samsung,Galaxy S23 Ultra 5G , Cream,512GB ,119999,348,POCO,M5 ,Power Black, 64 GB,6999,348,Apple,iPhone 15 , Pink,256GB,81990
349,Samsung,Galaxy S23 5G , Phantom Black,128GB ,64999,349,realme,Narzo 60X 5G ,Nebula Purple, 128 GB,11704,349,Apple,iPhone 15 , Green,256GB,81990
350,Realme,C55 , Sunshower,128GB ,13999,350,SAMSUNG,Galaxy M04 ,Light Green, 64 GB,6469,350,vivo,Y28 5G , Crystal Purple,4GB RAM,13999
351,Tecno,Spark 10 5G , Meta Black,128GB ,13999,351,REDMI,Note 12 5G ,Matte Black, 128 GB,15499,351,Apple,iPhone 15 , Green,128GB,70990
352,Samsung,Galaxy A54 5G , Awesome Violet,256GB ,37499,352,POCO,C51 ,Power Black, 64 GB,4999,352,OnePlus,Nord CE3 5G , Aqua Surge,8GB RAM,24999
353,Vivo,V27 Pro 5G , Magic Blue,128GB ,34999,353,Samsung,Galaxy S21 FE 5G ,Graphite, 256 GB,30999,353,Apple,iPhone 15 , Pink,128GB,70990
354,Samsung,Galaxy S23 5G , Lavender,128GB ,64999,354,SAMSUNG,Galaxy M14 5G ,ICY Silver, 128 GB,11220,354,Apple,iPhone 15 Plus , Blue,256GB,92990
355,OnePlus,11 5G , Eternal Green,128GB ,56999,355,Apple,iPhone 14 ,PRODUCT)RED, 128 GB,56999,355,Apple,iPhone 15 Plus , Pink,128GB,81490
356,Vivo,V27 Pro 5G , Noble Black,128GB ,34999,356,REDMI,Note 12 ,Sunrise Gold, 64 GB,10999,356,realme,C53 , Champion Gold,4GB RAM,8999
357,Realme,C55 , Rainy Night,64GB ,9999,357,POCO,M4 Pro ,Yellow, 128 GB,10999,357,OnePlus,Nord CE 3 Lite 5G , Pastel Lime,8GB RAM,19999
358,Samsung,Galaxy S23 Ultra 5G , Cream,256GB ,109999,358,POCO,C65 ,Pastel Green, 128 GB,8299,358,vivo,T2x 5G , Glimmer Black,6GB RAM,12999
359,Tecno,Spark Go 2023 , Uyuni Blue,64GB ,6999,359,POCO,X6 5G ,Mirror Black, 512 GB,24999,359,Apple,iPhone 15 , Black,128GB,70990
360,Realme,C55 , Sunshower,64GB ,9999,360,Apple,iPhone 12 ,Blue, 64 GB,44999,360,Apple,iPhone 15 , Blue,128GB,70990
361,Itel,P40 , Dreamy Blue,64GB ,6799,,,,,,,361,Apple,iPhone 15 , Black,256GB,81990
362,Itel,P40 , Force Black,64GB ,6799,,,,,,,362,vivo,Y17s , Forest Green,4GB RAM,10499
363,Vivo,V27 Pro 5G , Noble Black,256GB ,36999,,,,,,,363,vivo,Y17s , Glitter Purple,4GB RAM,10499
364,Samsung,Galaxy S23 Ultra 5G , Green,512GB ,119999,,,,,,,364,Apple,iPhone 15 , Blue,256GB,81990
365,Samsung,Galaxy A34 5G , Awesome Graphite,256GB ,26499,,,,,,,365,OnePlus,Nord CE 3 5G , Grey,8GB,24999
366,Tecno,Spark 10 5G , Meta White,128GB ,13999,,,,,,,366,OnePlus,Nord CE 3 Lite 5G , Chromatic Gray,8GB RAM,19999
367,Redmi,11 Prime , Flashy Black,64GB ,9499,,,,,,,367,Apple,iPhone 15 Plus , Black,128GB,81490
368,OnePlus,11 5G , Titan Black,128GB ,56999,,,,,,,368,Apple,iPhone 15 Plus , Blue,128GB,81490
369,Samsung,Galaxy S23 Ultra 5G , Phantom Black,512GB ,119999,,,,,,,369,Apple,iPhone 15 , Pink,256GB,81990
370,Samsung,Galaxy A54 5G , Awesome Graphite,256GB ,37499,,,,,,,370,Apple,iPhone 15 , Green,256GB,81990
371,Samsung,Galaxy A34 5G , Awesome Violet,128GB ,24499,,,,,,,371,vivo,Y28 5G , Crystal Purple,4GB RAM,13999
372,Samsung,Galaxy A34 5G , Awesome Lime,128GB ,24499,,,,,,,372,Apple,iPhone 15 , Green,128GB,70990
373,Samsung,Galaxy A34 5G , Awesome Silver,128GB ,24499,,,,,,,373,OnePlus,Nord CE3 5G , Aqua Surge,8GB RAM,24999
374,Vivo,Y56 5G , Orange Shimmer,128GB ,17999,,,,,,,374,Apple,iPhone 15 , Pink,128GB,70990
375,Samsung,Galaxy S23 Ultra 5G , Phantom Black,256GB ,109999,,,,,,,375,Apple,iPhone 15 Plus , Blue,256GB,92990
376,Samsung,Galaxy S23 5G , Green,128GB ,64999,,,,,,,376,Apple,iPhone 15 Plus , Pink,128GB,81490
377,Tecno,Spark Go 2023 , Endless Black,64GB ,6999,,,,,,,377,realme,C53 , Champion Gold,4GB RAM,8999
378,Vivo,V27 5G ,Magic Blue,128GB,29999,,,,,,,378,OnePlus,Nord CE 3 Lite 5G , Pastel Lime,8GB RAM,19999
379,Samsung,Galaxy A34 5G , Awesome Graphite,128GB ,24499,,,,,,,379,vivo,T2x 5G , Glimmer Black,6GB RAM,12999
380,Samsung,Galaxy A54 5G , Awesome Lime,256GB ,37499,,,,,,,380,Apple,iPhone 15 , Black,128GB,70990
381,Redmi,Note 12 Pro 5G , Onyx Black,256GB ,23999,,,,,,,381,Apple,iPhone 15 , Blue,128GB,70990
382,Vivo,V25 5G , Elegant Black,128GB ,25999,,,,,,,382,Apple,iPhone 15 , Black,256GB,81990
383,Samsung,Galaxy A14 5G , Black,128GB ,17999,,,,,,,383,vivo,Y17s , Forest Green,4GB RAM,10499
384,Redmi,Note 12 Pro Plus 5G , Arctic White,256GB ,27999,,,,,,,384,vivo,Y17s , Glitter Purple,4GB RAM,10499
385,Samsung,Galaxy S23 5G , Black,256GB ,69999,,,,,,,385,Apple,iPhone 15 , Blue,256GB,81990
386,OnePlus,10 Pro 5G , Volcanic Black,128GB ,66999,,,,,,,386,OnePlus,Nord CE 3 5G , Grey,8GB,24999
387,Oppo,F21s Pro , Dawnlight Gold,128GB ,19999,,,,,,,387,OnePlus,Nord CE 3 Lite 5G , Chromatic Gray,8GB RAM,19999
388,Vivo,V25 Pro , Sailing Blue,256GB ,36999,,,,,,,388,Apple,iPhone 15 Plus , Black,128GB,81490
389,Oppo,A77 , SunStone Orange,128GB ,14499,,,,,,,389,Apple,iPhone 15 Plus , Blue,128GB,81490
390,Redmi,Note 12 Pro 5G , Stardust Purple,128GB ,22999,,,,,,,390,Apple,iPhone 15 , Pink,256GB,81990
391,Samsung,Galaxy A14 5G , Light Green,128GB ,15999,,,,,,,391,Apple,iPhone 15 , Green,256GB,81990
392,Samsung,Galaxy S23 5G , Green,256GB ,69999,,,,,,,392,vivo,Y28 5G , Crystal Purple,4GB RAM,13999
393,Samsung,Galaxy A14 5G , Light Green,64GB ,13499,,,,,,,393,Apple,iPhone 15 , Green,128GB,70990
394,Oppo,A17K , Blue,64GB ,7999,,,,,,,394,OnePlus,Nord CE3 5G , Aqua Surge,8GB RAM,24999
395,Samsung,Galaxy A14 5G , Dark Red,128GB ,17999,,,,,,,395,Apple,iPhone 15 , Pink,128GB,70990
396,Samsung,Galaxy S23 5G , Lavender,256GB ,69999,,,,,,,396,Apple,iPhone 15 Plus , Blue,256GB,92990
397,Samsung,Galaxy A14 5G , Dark Red,128GB ,15999,,,,,,,397,Apple,iPhone 15 Plus , Pink,128GB,81490
398,Samsung,Galaxy A14 5G , Black,128GB ,15999,,,,,,,398,realme,C53 , Champion Gold,4GB RAM,8999
399,Samsung,Galaxy A04e , Copper,128GB ,10499,,,,,,,399,OnePlus,Nord CE 3 Lite 5G , Pastel Lime,8GB RAM,19999
400,Vivo,V25 Pro , Sailing Blue,128GB ,33500,,,,,,,400,vivo,T2x 5G , Glimmer Black,6GB RAM,12999
401,Samsung,Galaxy A14 5G , Black,64GB ,13499,,,,,,,401,Apple,iPhone 15 , Black,128GB,70990
402,Redmi,Note 12 5G , Matte Black,128GB ,16999,,,,,,,402,Apple,iPhone 15 , Blue,128GB,70990
403,Samsung,Galaxy A04e , Light Blue,128GB ,10499,,,,,,,403,Apple,iPhone 15 , Black,256GB,81990
404,Vivo,Y16 , Drizzling Gold,64GB ,9999,,,,,,,404,vivo,Y17s , Forest Green,4GB RAM,10499
405,Samsung,Galaxy A14 5G , Light Green,128GB ,17999,,,,,,,405,vivo,Y17s , Glitter Purple,4GB RAM,10499
406,OnePlus,Nord 2T 5G , Jade Fog,128GB ,28999,,,,,,,406,Apple,iPhone 15 , Blue,256GB,81990
407,Samsung,Galaxy A04e , Copper,64GB ,8999,,,,,,,407,OnePlus,Nord CE 3 5G , Grey,8GB,24999
408,Oppo,A78 5G , Glowing Blue,128GB ,17999,,,,,,,408,OnePlus,Nord CE 3 Lite 5G , Chromatic Gray,8GB RAM,19999
409,Samsung,Galaxy A23 5G , Orange,128GB ,20999,,,,,,,409,Apple,iPhone 15 Plus , Black,128GB,81490
410,Samsung,Galaxy A23 5G , Light Blue,128GB ,20999,,,,,,,410,Apple,iPhone 15 Plus , Blue,128GB,81490
411,Samsung,Galaxy A23 5G , Silver,128GB ,20999,,,,,,,411,Apple,iPhone 15 , Pink,256GB,81990
412,Nokia,G21 , Nordic Blue,128GB ,12999,,,,,,,412,Apple,iPhone 15 , Green,256GB,81990
413,Tecno,Phantom X2 Pro 5G , Mars Orange,256GB ,44999,,,,,,,413,vivo,Y28 5G , Crystal Purple,4GB RAM,13999
414,Nokia,G21 , Dusk,128GB ,12999,,,,,,,414,Apple,iPhone 15 , Green,128GB,70990
415,Tecno,Phantom X2 5G , Moonlight Silver,256GB ,36999,,,,,,,415,OnePlus,Nord CE3 5G , Aqua Surge,8GB RAM,24999
416,Tecno,Phantom X2 Pro 5G , Stardust Grey,256GB ,44999,,,,,,,416,Apple,iPhone 15 , Pink,128GB,70990
417,Tecno,Phantom X2 5G , Stardust Grey,256GB ,36999,,,,,,,417,Apple,iPhone 15 Plus , Blue,256GB,92990
418,Samsung,Galaxy A14 5G , Dark Red,64GB ,13499,,,,,,,418,Apple,iPhone 15 Plus , Pink,128GB,81490
419,Samsung,Galaxy A23 5G , Silver,128GB ,22999,,,,,,,419,realme,C53 , Champion Gold,4GB RAM,8999
420,Oppo,A78 5G , Glowing Black,128GB ,17999,,,,,,,420,OnePlus,Nord CE 3 Lite 5G , Pastel Lime,8GB RAM,19999
421,Samsung,Galaxy A23 5G , Light Blue,128GB ,22999,,,,,,,421,vivo,T2x 5G , Glimmer Black,6GB RAM,12999
422,Nokia,G11 Plus , Charcoal Grey,64GB ,7999,,,,,,,422,Apple,iPhone 15 , Black,128GB,70990
423,Xiaomi,11 Lite NE 5G , Jazz Blue,128GB ,28999,,,,,,,423,Apple,iPhone 15 , Blue,128GB,70990
424,Realme,10 4G , Clash White,128GB ,15999,,,,,,,424,Apple,iPhone 15 , Black,256GB,81990
425,Redmi,Note 12 Pro Plus 5G , Obsidian Black,256GB ,27999,,,,,,,425,vivo,Y17s , Forest Green,4GB RAM,10499
426,Realme,9i 5G , Rocking Black,64GB ,13999,,,,,,,426,vivo,Y17s , Glitter Purple,4GB RAM,10499
427,Realme,C30s , Stripe Black,64GB ,8499,,,,,,,427,Apple,iPhone 15 , Blue,256GB,81990
428,Realme,9i 5G , Metallica Golden,64GB ,13999,,,,,,,428,OnePlus,Nord CE 3 5G , Grey,8GB,24999
429,Realme,C30s , Stripe Blue,64GB ,8499,,,,,,,429,OnePlus,Nord CE 3 Lite 5G , Chromatic Gray,8GB RAM,19999
430,Oppo,A77s , Starry Black,128GB ,14999,,,,,,,430,Apple,iPhone 15 Plus , Black,128GB,81490
431,Samsung,Galaxy A04e , Light Blue,64GB ,8999,,,,,,,431,Apple,iPhone 15 Plus , Blue,128GB,81490
432,Oppo,A57 , Glowing Green,64GB ,9999,,,,,,,432,Apple,iPhone 15 , Pink,256GB,81990
433,Vivo,Y16 , Stellar Black,64GB ,9999,,,,,,,433,Apple,iPhone 15 , Green,256GB,81990
434,Vivo,V25 Pro , Pure Black,128GB ,33500,,,,,,,434,vivo,Y28 5G , Crystal Purple,4GB RAM,13999
435,Nokia,G21 , Nordic Blue,64GB ,12999,,,,,,,435,Apple,iPhone 15 , Green,128GB,70990
436,Oneplus,10R 5G , Forest Green,128GB ,34999,,,,,,,436,OnePlus,Nord CE3 5G , Aqua Surge,8GB RAM,24999
437,OnePlus,10 Pro 5G , Emerald Forest,128GB ,66999,,,,,,,437,Apple,iPhone 15 , Pink,128GB,70990
438,Oppo,F21s Pro , Starlight Black,128GB ,19999,,,,,,,438,Apple,iPhone 15 Plus , Blue,256GB,92990
439,Realme,C30s , Stripe Blue,32GB ,6999,,,,,,,439,Apple,iPhone 15 Plus , Pink,128GB,81490
440,Realme,9i 5G , Metallica Golden,128GB ,15999,,,,,,,440,realme,C53 , Champion Gold,4GB RAM,8999
441,OnePlus,Nord 2T 5G , Gray Shadow,128GB ,28999,,,,,,,441,OnePlus,Nord CE 3 Lite 5G , Pastel Lime,8GB RAM,19999
442,SAMSUNG,Galaxy M14 5G ,Smoky Teal, 128 GB,11000,,,,,,,442,vivo,T2x 5G , Glimmer Black,6GB RAM,12999
,,,,,,,,,,,,443,Apple,iPhone 15 , Black,128GB,70990
,,,,,,,,,,,,444,Apple,iPhone 15 , Blue,128GB,70990
,,,,,,,,,,,,445,Apple,iPhone 15 , Black,256GB,81990
,,,,,,,,,,,,446,vivo,Y17s , Forest Green,4GB RAM,10499
,,,,,,,,,,,,447,vivo,Y17s , Glitter Purple,4GB RAM,10499
,,,,,,,,,,,,448,Apple,iPhone 15 , Blue,256GB,81990
,,,,,,,,,,,,449,OnePlus,Nord CE 3 5G , Grey,8GB,24999
,,,,,,,,,,,,450,OnePlus,Nord CE 3 Lite 5G , Chromatic Gray,8GB RAM,19999
,,,,,,,,,,,,451,Apple,iPhone 15 Plus , Black,128GB,81490
,,,,,,,,,,,,452,Apple,iPhone 15 Plus , Blue,128GB,81490
,,,,,,,,,,,,453,Apple,iPhone 15 , Pink,256GB,81990
,,,,,,,,,,,,454,Apple,iPhone 15 , Green,256GB,81990
,,,,,,,,,,,,455,vivo,Y28 5G , Crystal Purple,4GB RAM,13999
,,,,,,,,,,,,456,Apple,iPhone 15 , Green,128GB,70990
,,,,,,,,,,,,457,OnePlus,Nord CE3 5G , Aqua Surge,8GB RAM,24999
,,,,,,,,,,,,458,Apple,iPhone 15 , Pink,128GB,70990
,,,,,,,,,,,,459,Apple,iPhone 15 Plus , Blue,256GB,92990
,,,,,,,,,,,,460,Apple,iPhone 15 Plus , Pink,128GB,81490
,,,,,,,,,,,,461,realme,C53 , Champion Gold,4GB RAM,8999
,,,,,,,,,,,,462,OnePlus,Nord CE 3 Lite 5G , Pastel Lime,8GB RAM,19999
,,,,,,,,,,,,463,vivo,T2x 5G , Glimmer Black,6GB RAM,12999
,,,,,,,,,,,,464,Apple,iPhone 15 , Black,128GB,70990
,,,,,,,,,,,,465,Apple,iPhone 15 , Blue,128GB,70990
,,,,,,,,,,,,466,Apple,iPhone 15 , Black,256GB,81990
,,,,,,,,,,,,467,vivo,Y17s , Forest Green,4GB RAM,10499
,,,,,,,,,,,,468,vivo,Y17s , Glitter Purple,4GB RAM,10499
,,,,,,,,,,,,469,Apple,iPhone 15 , Blue,256GB,81990
,,,,,,,,,,,,470,OnePlus,Nord CE 3 5G , Grey,8GB,24999
,,,,,,,,,,,,471,OnePlus,Nord CE 3 Lite 5G , Chromatic Gray,8GB RAM,19999
,,,,,,,,,,,,472,Apple,iPhone 15 Plus , Black,128GB,81490
,,,,,,,,,,,,473,Apple,iPhone 15 Plus , Blue,128GB,81490
,,,,,,,,,,,,474,Apple,iPhone 15 , Pink,256GB,81990
,,,,,,,,,,,,475,Apple,iPhone 15 , Green,256GB,81990
,,,,,,,,,,,,476,vivo,Y28 5G , Crystal Purple,4GB RAM,13999
,,,,,,,,,,,,477,Apple,iPhone 15 , Green,128GB,70990
,,,,,,,,,,,,478,OnePlus,Nord CE3 5G , Aqua Surge,8GB RAM,24999
,,,,,,,,,,,,479,Apple,iPhone 15 , Pink,128GB,70990
,,,,,,,,,,,,480,Apple,iPhone 15 Plus , Blue,256GB,92990
,,,,,,,,,,,,481,Apple,iPhone 15 Plus , Pink,128GB,81490
,,,,,,,,,,,,482,realme,C53 , Champion Gold,4GB RAM,8999
,,,,,,,,,,,,483,OnePlus,Nord CE 3 Lite 5G , Pastel Lime,8GB RAM,19999
,,,,,,,,,,,,484,vivo,T2x 5G , Glimmer Black,6GB RAM,12999
,,,,,,,,,,,,485,Apple,iPhone 15 , Black,128GB,70990
,,,,,,,,,,,,486,Apple,iPhone 15 , Blue,128GB,70990
,,,,,,,,,,,,487,Apple,iPhone 15 , Black,256GB,81990
,,,,,,,,,,,,488,vivo,Y17s , Forest Green,4GB RAM,10499
,,,,,,,,,,,,489,vivo,Y17s , Glitter Purple,4GB RAM,10499
,,,,,,,,,,,,490,Apple,iPhone 15 , Blue,256GB,81990
,,,,,,,,,,,,491,OnePlus,Nord CE 3 5G , Grey,8GB,24999
,,,,,,,,,,,,492,OnePlus,Nord CE 3 Lite 5G , Chromatic Gray,8GB RAM,19999
,,,,,,,,,,,,493,Apple,iPhone 15 Plus , Black,128GB,81490
,,,,,,,,,,,,494,Apple,iPhone 15 Plus , Blue,128GB,81490
,,,,,,,,,,,,495,Apple,iPhone 15 , Pink,256GB,81990
,,,,,,,,,,,,496,Apple,iPhone 15 , Green,256GB,81990
,,,,,,,,,,,,497,vivo,Y28 5G , Crystal Purple,4GB RAM,13999
,,,,,,,,,,,,498,Apple,iPhone 15 , Green,128GB,70990
,,,,,,,,,,,,499,OnePlus,Nord CE3 5G , Aqua Surge,8GB RAM,24999
,,,,,,,,,,,,500,Apple,iPhone 15 , Pink,128GB,70990
,,,,,,,,,,,,501,Apple,iPhone 15 Plus , Blue,256GB,92990
,,,,,,,,,,,,502,Apple,iPhone 15 Plus , Pink,128GB,81490
,,,,,,,,,,,,503,realme,C53 , Champion Gold,4GB RAM,8999
,,,,,,,,,,,,504,OnePlus,Nord CE 3 Lite 5G , Pastel Lime,8GB RAM,19999
,,,,,,,,,,,,505,vivo,T2x 5G , Glimmer Black,6GB RAM,12999
,,,,,,,,,,,,506,Apple,iPhone 15 , Black,128GB,70990
,,,,,,,,,,,,507,Apple,iPhone 15 , Blue,128GB,70990
,,,,,,,,,,,,508,Apple,iPhone 15 , Black,256GB,81990
,,,,,,,,,,,,509,vivo,Y17s , Forest Green,4GB RAM,10499
,,,,,,,,,,,,510,vivo,Y17s , Glitter Purple,4GB RAM,10499
,,,,,,,,,,,,511,Apple,iPhone 15 , Blue,256GB,81990
,,,,,,,,,,,,512,OnePlus,Nord CE 3 5G , Grey,8GB,24999
,,,,,,,,,,,,513,OnePlus,Nord CE 3 Lite 5G , Chromatic Gray,8GB RAM,19999
,,,,,,,,,,,,514,Apple,iPhone 15 Plus , Black,128GB,81490
,,,,,,,,,,,,515,Apple,iPhone 15 Plus , Blue,128GB,81490
,,,,,,,,,,,,516,Apple,iPhone 15 , Pink,256GB,81990
,,,,,,,,,,,,517,Apple,iPhone 15 , Green,256GB,81990
,,,,,,,,,,,,518,vivo,Y28 5G , Crystal Purple,4GB RAM,13999
,,,,,,,,,,,,519,Apple,iPhone 15 , Green,128GB,70990
,,,,,,,,,,,,520,OnePlus,Nord CE3 5G , Aqua Surge,8GB RAM,24999
,,,,,,,,,,,,521,Apple,iPhone 15 , Pink,128GB,70990
,,,,,,,,,,,,522,Apple,iPhone 15 Plus , Blue,256GB,92990
,,,,,,,,,,,,523,Apple,iPhone 15 Plus , Pink,128GB,81490
,,,,,,,,,,,,524,realme,C53 , Champion Gold,4GB RAM,8999
,,,,,,,,,,,,525,OnePlus,Nord CE 3 Lite 5G , Pastel Lime,8GB RAM,19999
,,,,,,,,,,,,526,vivo,T2x 5G , Glimmer Black,6GB RAM,12999
,,,,,,,,,,,,527,Apple,iPhone 15 , Black,128GB,70990
,,,,,,,,,,,,528,Apple,iPhone 15 , Blue,128GB,70990
,,,,,,,,,,,,529,Apple,iPhone 15 , Black,256GB,81990
,,,,,,,,,,,,530,vivo,Y17s , Forest Green,4GB RAM,10499
,,,,,,,,,,,,531,vivo,Y17s , Glitter Purple,4GB RAM,10499
,,,,,,,,,,,,532,Apple,iPhone 15 , Blue,256GB,81990
,,,,,,,,,,,,533,OnePlus,Nord CE 3 5G , Grey,8GB,24999
,,,,,,,,,,,,534,OnePlus,Nord CE 3 Lite 5G , Chromatic Gray,8GB RAM,19999
,,,,,,,,,,,,535,Apple,iPhone 15 Plus , Black,128GB,81490
,,,,,,,,,,,,536,Apple,iPhone 15 Plus , Blue,128GB,81490
,,,,,,,,,,,,537,Apple,iPhone 15 , Pink,256GB,81990
,,,,,,,,,,,,538,Apple,iPhone 15 , Green,256GB,81990
,,,,,,,,,,,,539,vivo,Y28 5G , Crystal Purple,4GB RAM,13999
,,,,,,,,,,,,540,Apple,iPhone 15 , Green,128GB,70990
,,,,,,,,,,,,541,OnePlus,Nord CE3 5G , Aqua Surge,8GB RAM,24999
,,,,,,,,,,,,542,Apple,iPhone 15 , Pink,128GB,70990
,,,,,,,,,,,,543,Apple,iPhone 15 Plus , Blue,256GB,92990
,,,,,,,,,,,,544,Apple,iPhone 15 Plus , Pink,128GB,81490
,,,,,,,,,,,,545,realme,C53 , Champion Gold,4GB RAM,8999
,,,,,,,,,,,,546,OnePlus,Nord CE 3 Lite 5G , Pastel Lime,8GB RAM,19999
,,,,,,,,,,,,547,vivo,T2x 5G , Glimmer Black,6GB RAM,12999
,,,,,,,,,,,,548,Apple,iPhone 15 , Black,128GB,70990
,,,,,,,,,,,,549,Apple,iPhone 15 , Blue,128GB,70990
,,,,,,,,,,,,550,Apple,iPhone 15 , Black,256GB,81990
,,,,,,,,,,,,551,vivo,Y17s , Forest Green,4GB RAM,10499
,,,,,,,,,,,,552,vivo,Y17s , Glitter Purple,4GB RAM,10499
,,,,,,,,,,,,553,Apple,iPhone 15 , Blue,256GB,81990
,,,,,,,,,,,,554,OnePlus,Nord CE 3 5G , Grey,8GB,24999
,,,,,,,,,,,,555,OnePlus,Nord CE 3 Lite 5G , Chromatic Gray,8GB RAM,19999
,,,,,,,,,,,,556,Apple,iPhone 15 Plus , Black,128GB,81490
,,,,,,,,,,,,557,Apple,iPhone 15 Plus , Blue,128GB,81490
,,,,,,,,,,,,558,Apple,iPhone 15 , Pink,256GB,81990
,,,,,,,,,,,,559,Apple,iPhone 15 , Green,256GB,81990
,,,,,,,,,,,,560,vivo,Y28 5G , Crystal Purple,4GB RAM,13999
,,,,,,,,,,,,561,Apple,iPhone 15 , Green,128GB,70990
,,,,,,,,,,,,562,OnePlus,Nord CE3 5G , Aqua Surge,8GB RAM,24999
,,,,,,,,,,,,563,Apple,iPhone 15 , Pink,128GB,70990
,,,,,,,,,,,,564,Apple,iPhone 15 Plus , Blue,256GB,92990
,,,,,,,,,,,,565,Apple,iPhone 15 Plus , Pink,128GB,81490
,,,,,,,,,,,,566,realme,C53 , Champion Gold,4GB RAM,8999
,,,,,,,,,,,,567,OnePlus,Nord CE 3 Lite 5G , Pastel Lime,8GB RAM,19999
,,,,,,,,,,,,568,vivo,T2x 5G , Glimmer Black,6GB RAM,12999
,,,,,,,,,,,,569,Apple,iPhone 15 , Black,128GB,70990
,,,,,,,,,,,,570,Apple,iPhone 15 , Blue,128GB,70990
,,,,,,,,,,,,571,Apple,iPhone 15 , Black,256GB,81990
,,,,,,,,,,,,572,vivo,Y17s , Forest Green,4GB RAM,10499
,,,,,,,,,,,,573,vivo,Y17s , Glitter Purple,4GB RAM,10499
,,,,,,,,,,,,574,Apple,iPhone 15 , Blue,256GB,81990
,,,,,,,,,,,,575,OnePlus,Nord CE 3 5G , Grey,8GB,24999
,,,,,,,,,,,,576,OnePlus,Nord CE 3 Lite 5G , Chromatic Gray,8GB RAM,19999
,,,,,,,,,,,,577,Apple,iPhone 15 Plus , Black,128GB,81490
,,,,,,,,,,,,578,Apple,iPhone 15 Plus , Blue,128GB,81490
,,,,,,,,,,,,579,Apple,iPhone 15 , Pink,256GB,81990
,,,,,,,,,,,,580,Apple,iPhone 15 , Green,256GB,81990
,,,,,,,,,,,,581,vivo,Y28 5G , Crystal Purple,4GB RAM,13999
,,,,,,,,,,,,582,Apple,iPhone 15 , Green,128GB,70990
,,,,,,,,,,,,583,OnePlus,Nord CE3 5G , Aqua Surge,8GB RAM,24999
,,,,,,,,,,,,584,Apple,iPhone 15 , Pink,128GB,70990
,,,,,,,,,,,,585,Apple,iPhone 15 Plus , Blue,256GB,92990
,,,,,,,,,,,,586,Apple,iPhone 15 Plus , Pink,128GB,81490
,,,,,,,,,,,,587,realme,C53 , Champion Gold,4GB RAM,8999
,,,,,,,,,,,,588,OnePlus,Nord CE 3 Lite 5G , Pastel Lime,8GB RAM,19999
,,,,,,,,,,,,589,vivo,T2x 5G , Glimmer Black,6GB RAM,12999
,,,,,,,,,,,,590,Apple,iPhone 15 , Black,128GB,70990
,,,,,,,,,,,,591,Apple,iPhone 15 , Blue,128GB,70990
,,,,,,,,,,,,592,Apple,iPhone 15 , Black,256GB,81990
,,,,,,,,,,,,593,vivo,Y17s , Forest Green,4GB RAM,10499
,,,,,,,,,,,,594,vivo,Y17s , Glitter Purple,4GB RAM,10499
,,,,,,,,,,,,595,Apple,iPhone 15 , Blue,256GB,81990
,,,,,,,,,,,,596,OnePlus,Nord CE 3 5G , Grey,8GB,24999
,,,,,,,,,,,,597,OnePlus,Nord CE 3 Lite 5G , Chromatic Gray,8GB RAM,19999
,,,,,,,,,,,,598,Apple,iPhone 15 Plus , Black,128GB,81490
,,,,,,,,,,,,599,Apple,iPhone 15 Plus , Blue,128GB,81490
,,,,,,,,,,,,600,Apple,iPhone 15 , Pink,256GB,81990
,,,,,,,,,,,,601,Apple,iPhone 15 , Green,256GB,81990
,,,,,,,,,,,,602,vivo,Y28 5G , Crystal Purple,4GB RAM,13999
,,,,,,,,,,,,603,Apple,iPhone 15 , Green,128GB,70990
,,,,,,,,,,,,604,OnePlus,Nord CE3 5G , Aqua Surge,8GB RAM,24999
,,,,,,,,,,,,605,Apple,iPhone 15 , Pink,128GB,70990
,,,,,,,,,,,,606,Apple,iPhone 15 Plus , Blue,256GB,92990
,,,,,,,,,,,,607,Apple,iPhone 15 Plus , Pink,128GB,81490
,,,,,,,,,,,,608,realme,C53 , Champion Gold,4GB RAM,8999
,,,,,,,,,,,,609,OnePlus,Nord CE 3 Lite 5G , Pastel Lime,8GB RAM,19999
,,,,,,,,,,,,610,vivo,T2x 5G , Glimmer Black,6GB RAM,12999
,,,,,,,,,,,,611,Apple,iPhone 15 , Black,128GB,70990
,,,,,,,,,,,,612,Apple,iPhone 15 , Blue,128GB,70990
,,,,,,,,,,,,613,Apple,iPhone 15 , Black,256GB,81990
,,,,,,,,,,,,614,vivo,Y17s , Forest Green,4GB RAM,10499
,,,,,,,,,,,,615,vivo,Y17s , Glitter Purple,4GB RAM,10499
,,,,,,,,,,,,616,Apple,iPhone 15 , Blue,256GB,81990
,,,,,,,,,,,,617,OnePlus,Nord CE 3 5G , Grey,8GB,24999
,,,,,,,,,,,,618,OnePlus,Nord CE 3 Lite 5G , Chromatic Gray,8GB RAM,19999
,,,,,,,,,,,,619,Apple,iPhone 15 Plus , Black,128GB,81490
,,,,,,,,,,,,620,Apple,iPhone 15 Plus , Blue,128GB,81490
,,,,,,,,,,,,621,Apple,iPhone 15 , Pink,256GB,81990
,,,,,,,,,,,,622,Apple,iPhone 15 , Green,256GB,81990
,,,,,,,,,,,,623,vivo,Y28 5G , Crystal Purple,4GB RAM,13999
,,,,,,,,,,,,624,Apple,iPhone 15 , Green,128GB,70990
,,,,,,,,,,,,625,OnePlus,Nord CE3 5G , Aqua Surge,8GB RAM,24999
,,,,,,,,,,,,626,Apple,iPhone 15 , Pink,128GB,70990
,,,,,,,,,,,,627,Apple,iPhone 15 Plus , Blue,256GB,92990
,,,,,,,,,,,,628,Apple,iPhone 15 Plus , Pink,128GB,81490
,,,,,,,,,,,,629,realme,C53 , Champion Gold,4GB RAM,8999
,,,,,,,,,,,,630,OnePlus,Nord CE 3 Lite 5G , Pastel Lime,8GB RAM,19999
